category_id,ranking_type,group_type,group_value,product_id,rank_value_prev,product_name_prev,brand_name_prev,date_prev,rank_value_cur,product_name_cur,brand_name_cur,date_cur,_merge,status,rank_value_diff,rank_value_moved_by,from_snapshot,to_snapshot
1005,age_top3,age,10代,10225645,2.0,リポソーム アドバンスト リペアクリーム,コスメデコルテ,2025-12-23,2.0,リポソーム アドバンスト リペアクリーム,コスメデコルテ,2025-12-29,both,same,0.0,0.0,week2,week3
1005,age_top3,age,10代,10248341,3.0,シカプラスト リペアクリーム B5+,ラ ロッシュ ポゼ,2025-12-23,3.0,シカプラスト リペアクリーム B5+,ラ ロッシュ ポゼ,2025-12-29,both,same,0.0,0.0,week2,week3
1005,age_top3,age,20代前半,293354,1.0,潤浸保湿フェイスクリーム,キュレル,2025-12-23,1.0,潤浸保湿フェイスクリーム,キュレル,2025-12-29,both,same,0.0,0.0,week2,week3
1005,age_top3,age,20代後半,10259711,1.0,ゴールデンタイムリペア　深夜浸透クリーム,SOFINA iP,2025-12-23,1.0,ゴールデンタイムリペア　深夜浸透クリーム,SOFINA iP,2025-12-29,both,same,0.0,0.0,week2,week3
1005,age_top3,age,40代,10276493,3.0,カネボウ クリーム イン デイII,KANEBO,2025-12-23,3.0,カネボウ クリーム イン デイII,KANEBO,2025-12-29,both,same,0.0,0.0,week2,week3
1005,age_top3,age,50代〜,10275368,2.0,スキンパワー リニュー クリーム,SK-II,2025-12-23,2.0,スキンパワー リニュー クリーム,SK-II,2025-12-29,both,same,0.0,0.0,week2,week3
1005,age_top3,age,50代〜,10277172,3.0,N organic Vie ヒアルアップ リフトクリーム,Ｎ organic(エヌオーガニック),2025-12-23,3.0,N organic Vie ヒアルアップ リフトクリーム,Ｎ organic(エヌオーガニック),2025-12-29,both,same,0.0,0.0,week2,week3
1005,age_top3,age,50代〜,10278376,1.0,レチノパワー リンクルクリーム ba,エリクシール,2025-12-23,1.0,レチノパワー リンクルクリーム ba,エリクシール,2025-12-29,both,same,0.0,0.0,week2,week3
1005,cross_top2,cross,フェイスクリーム×化粧下地,10248406,2.0,デイスキンコンフォート,エクセル,2025-12-23,2.0,デイスキンコンフォート,エクセル,2025-12-29,both,same,0.0,0.0,week2,week3
1005,cross_top2,cross,フェイスクリーム×化粧下地,10276493,1.0,カネボウ クリーム イン デイII,KANEBO,2025-12-23,1.0,カネボウ クリーム イン デイII,KANEBO,2025-12-29,both,same,0.0,0.0,week2,week3
1005,latest_review_top50,,,2714,,,,,44.0,クレーム ドゥ・ラ・メール,ラ・メール,2025-12-29,right_only,new,,,week2,week3
1005,latest_review_top50,,,269503,35.0,ニベアクリーム,ニベア,2025-12-23,35.0,ニベアクリーム,ニベア,2025-12-29,both,same,0.0,0.0,week2,week3
1005,latest_review_top50,,,293354,7.0,潤浸保湿フェイスクリーム,キュレル,2025-12-23,7.0,潤浸保湿フェイスクリーム,キュレル,2025-12-29,both,same,0.0,0.0,week2,week3
1005,latest_review_top50,,,313932,29.0,ビタエンリッチド クリーム＆フェイスベース,ボビイ ブラウン,2025-12-23,26.0,ビタエンリッチド クリーム＆フェイスベース,ボビイ ブラウン,2025-12-29,both,up,-3.0,3.0,week2,week3
1005,latest_review_top50,,,2887877,22.0,クリーム,キュレル,2025-12-23,18.0,クリーム,キュレル,2025-12-29,both,up,-4.0,4.0,week2,week3
1005,latest_review_top50,,,2935849,16.0,キールズ クリーム UFC,KIEHL’S SINCE 1851(キールズ),2025-12-23,16.0,キールズ クリーム UFC,KIEHL’S SINCE 1851(キールズ),2025-12-29,both,same,0.0,0.0,week2,week3
1005,latest_review_top50,,,2940958,20.0,シミ・ソバカス予防ケア フェイスクリーム,キュレル,2025-12-23,20.0,シミ・ソバカス予防ケア フェイスクリーム,キュレル,2025-12-29,both,same,0.0,0.0,week2,week3
1005,latest_review_top50,,,2954561,24.0,アンブリオリス モイスチャークリーム,アンブリオリス,2025-12-23,23.0,アンブリオリス モイスチャークリーム,アンブリオリス,2025-12-29,both,up,-1.0,1.0,week2,week3
1005,latest_review_top50,,,10013375,47.0,デュオクリーム,シェルクルール,2025-12-23,,,,,left_only,dropped,,,week2,week3
1005,latest_review_top50,,,10031750,17.0,越冬クリーム n,ビーハニー,2025-12-23,17.0,越冬クリーム n,ビーハニー,2025-12-29,both,same,0.0,0.0,week2,week3
1005,latest_review_top50,,,10115042,30.0,カネボウ フレッシュ デイ クリーム,KANEBO,2025-12-23,29.0,カネボウ フレッシュ デイ クリーム,KANEBO,2025-12-29,both,up,-1.0,1.0,week2,week3
1005,latest_review_top50,,,10134719,45.0,エイジングケア クリーム（とてもしっとり）,キュレル,2025-12-23,47.0,エイジングケア クリーム（とてもしっとり）,キュレル,2025-12-29,both,down,2.0,2.0,week2,week3
1005,latest_review_top50,,,10168282,13.0,エリクシール ルフレ バランシング おやすみマスク,エリクシール,2025-12-23,13.0,エリクシール ルフレ バランシング おやすみマスク,エリクシール,2025-12-29,both,same,0.0,0.0,week2,week3
1005,latest_review_top50,,,10192336,14.0,アトバリア365 クリーム,AESTURA,2025-12-23,14.0,アトバリア365 クリーム,AESTURA,2025-12-29,both,same,0.0,0.0,week2,week3
1005,latest_review_top50,,,10203581,43.0,エリクシール ルフレ バランシング みずクリーム,エリクシール,2025-12-23,48.0,エリクシール ルフレ バランシング みずクリーム,エリクシール,2025-12-29,both,down,5.0,5.0,week2,week3
1005,latest_review_top50,,,10204808,28.0,モイスチャー サージ ジェルクリーム 100H,クリニーク,2025-12-23,31.0,モイスチャー サージ ジェルクリーム 100H,クリニーク,2025-12-29,both,down,3.0,3.0,week2,week3
1005,latest_review_top50,,,10211545,27.0,スキンリペアクリーム,d プログラム,2025-12-23,24.0,スキンリペアクリーム,d プログラム,2025-12-29,both,up,-3.0,3.0,week2,week3
1005,latest_review_top50,,,10216982,41.0,エッセンシャルイネルジャ ハイドレーティング クリーム,SHISEIDO,2025-12-23,39.0,エッセンシャルイネルジャ ハイドレーティング クリーム,SHISEIDO,2025-12-29,both,up,-2.0,2.0,week2,week3
1005,latest_review_top50,,,10220091,49.0,モイスチャライジングクリーム,セタフィル,2025-12-23,50.0,モイスチャライジングクリーム,セタフィル,2025-12-29,both,down,1.0,1.0,week2,week3
1005,latest_review_top50,,,10225645,6.0,リポソーム アドバンスト リペアクリーム,コスメデコルテ,2025-12-23,5.0,リポソーム アドバンスト リペアクリーム,コスメデコルテ,2025-12-29,both,up,-1.0,1.0,week2,week3
1005,latest_review_top50,,,10226476,25.0,ディセンシア クリーム,DECENCIA(ディセンシア),2025-12-23,28.0,ディセンシア クリーム,DECENCIA(ディセンシア),2025-12-29,both,down,3.0,3.0,week2,week3
1005,latest_review_top50,,,10237092,26.0,保湿クリーム,肌をうるおす保湿スキンケア,2025-12-23,27.0,保湿クリーム,肌をうるおす保湿スキンケア,2025-12-29,both,down,1.0,1.0,week2,week3
1005,latest_review_top50,,,10240146,40.0,レチノショット 0.1,トゥヴェール,2025-12-23,45.0,レチノショット 0.1,トゥヴェール,2025-12-29,both,down,5.0,5.0,week2,week3
1005,latest_review_top50,,,10240630,39.0,スキンパワーアドバンスト クリーム,SK-II,2025-12-23,40.0,スキンパワーアドバンスト クリーム,SK-II,2025-12-29,both,down,1.0,1.0,week2,week3
1005,latest_review_top50,,,10241921,46.0,オルビスユー ドット クリームモイスチャライザー,オルビス,2025-12-23,,,,,left_only,dropped,,,week2,week3
1005,latest_review_top50,,,10243439,15.0,エリクシール トータルＶ ファーミングクリーム,エリクシール,2025-12-23,15.0,エリクシール トータルＶ ファーミングクリーム,エリクシール,2025-12-29,both,same,0.0,0.0,week2,week3
1005,latest_review_top50,,,10244212,18.0,ホワイトトリュフダブルセラムアンドクリーム,d'Alba(ダルバ),2025-12-23,19.0,ホワイトトリュフダブルセラムアンドクリーム,d'Alba(ダルバ),2025-12-29,both,down,1.0,1.0,week2,week3
1005,latest_review_top50,,,10248341,10.0,シカプラスト リペアクリーム B5+,ラ ロッシュ ポゼ,2025-12-23,10.0,シカプラスト リペアクリーム B5+,ラ ロッシュ ポゼ,2025-12-29,both,same,0.0,0.0,week2,week3
1005,latest_review_top50,,,10248406,21.0,デイスキンコンフォート,エクセル,2025-12-23,22.0,デイスキンコンフォート,エクセル,2025-12-29,both,down,1.0,1.0,week2,week3
1005,latest_review_top50,,,10251566,9.0,プロバイオダーム(TM)　3Dリフティングクリーム,BIOHEAL BOH,2025-12-23,9.0,プロバイオダーム(TM)　3Dリフティングクリーム,BIOHEAL BOH,2025-12-29,both,same,0.0,0.0,week2,week3
1005,latest_review_top50,,,10252085,50.0,シュープリーム プラス ナイト バウンス　クリーム,エスティ ローダー,2025-12-23,,,,,left_only,dropped,,,week2,week3
1005,latest_review_top50,,,10252994,36.0,バウンシースリーピングマスク,LANEIGE(ラネージュ),2025-12-23,37.0,バウンシースリーピングマスク,LANEIGE(ラネージュ),2025-12-29,both,down,1.0,1.0,week2,week3
1005,latest_review_top50,,,10258139,8.0,アクア チャージ 薬用 ミルキー クリーム,エスティ ローダー,2025-12-23,8.0,アクア チャージ 薬用 ミルキー クリーム,エスティ ローダー,2025-12-29,both,same,0.0,0.0,week2,week3
1005,latest_review_top50,,,10258146,,,,,49.0,シカペア インテンシブ S リペア クリーム,Dr.Jart+,2025-12-29,right_only,new,,,week2,week3
1005,latest_review_top50,,,10259209,48.0,ミノン アミノモイスト エイジングケア デイクリームUV,ミノン,2025-12-23,,,,,left_only,dropped,,,week2,week3
1005,latest_review_top50,,,10259418,37.0,薬用 ナイトジェルマスク,d プログラム,2025-12-23,38.0,薬用 ナイトジェルマスク,d プログラム,2025-12-29,both,down,1.0,1.0,week2,week3
1005,latest_review_top50,,,10259711,4.0,ゴールデンタイムリペア　深夜浸透クリーム,SOFINA iP,2025-12-23,4.0,ゴールデンタイムリペア　深夜浸透クリーム,SOFINA iP,2025-12-29,both,same,0.0,0.0,week2,week3
1005,latest_review_top50,,,10264362,23.0,プロバイオダーム(TM)　コラーゲンリモデリングクリーム,BIOHEAL BOH,2025-12-23,25.0,プロバイオダーム(TM)　コラーゲンリモデリングクリーム,BIOHEAL BOH,2025-12-29,both,down,2.0,2.0,week2,week3
1005,latest_review_top50,,,10266928,,,,,46.0,ディセンシー ブライトリフト クリーム,DECENCIA(ディセンシア),2025-12-29,right_only,new,,,week2,week3
1005,latest_review_top50,,,10269716,12.0,ビタトーニングカプセルクリーム,d'Alba(ダルバ),2025-12-23,12.0,ビタトーニングカプセルクリーム,d'Alba(ダルバ),2025-12-29,both,same,0.0,0.0,week2,week3
1005,latest_review_top50,,,10270303,31.0,PDRNヒアルロン酸100モイスチャライジングクリーム,Anua,2025-12-23,33.0,PDRNヒアルロン酸100モイスチャライジングクリーム,Anua,2025-12-29,both,down,2.0,2.0,week2,week3
1005,latest_review_top50,,,10270398,32.0,アミノ酸浸透ジェル,M-mark series,2025-12-23,30.0,アミノ酸浸透ジェル,M-mark series,2025-12-29,both,up,-2.0,2.0,week2,week3
1005,latest_review_top50,,,10273292,42.0,薬用雪肌精　ブライトニング マルチ ジェル,雪肌精,2025-12-23,42.0,薬用雪肌精　ブライトニング マルチ ジェル,雪肌精,2025-12-29,both,same,0.0,0.0,week2,week3
1005,latest_review_top50,,,10274385,,,,,43.0,クレームアンタンシヴＲ（ニュイ）,クレ・ド・ポー ボーテ,2025-12-29,right_only,new,,,week2,week3
1005,latest_review_top50,,,10275291,44.0,B.A クリーム,B.A,2025-12-23,41.0,B.A クリーム,B.A,2025-12-29,both,up,-3.0,3.0,week2,week3
1005,latest_review_top50,,,10275368,1.0,スキンパワー リニュー クリーム,SK-II,2025-12-23,1.0,スキンパワー リニュー クリーム,SK-II,2025-12-29,both,same,0.0,0.0,week2,week3
1005,latest_review_top50,,,10275648,34.0,タンタンコンクドロップα,DEW,2025-12-23,34.0,タンタンコンクドロップα,DEW,2025-12-29,both,same,0.0,0.0,week2,week3
1005,latest_review_top50,,,10276478,19.0,オバジX バイタライズ リフトクリーム,オバジ,2025-12-23,21.0,オバジX バイタライズ リフトクリーム,オバジ,2025-12-29,both,down,2.0,2.0,week2,week3
1005,latest_review_top50,,,10276493,3.0,カネボウ クリーム イン デイII,KANEBO,2025-12-23,3.0,カネボウ クリーム イン デイII,KANEBO,2025-12-29,both,same,0.0,0.0,week2,week3
1005,latest_review_top50,,,10276496,11.0,カネボウ クリーム イン ナイトII,KANEBO,2025-12-23,11.0,カネボウ クリーム イン ナイトII,KANEBO,2025-12-29,both,same,0.0,0.0,week2,week3
1005,latest_review_top50,,,10276569,33.0,ミノン アミノモイスト モイストチャージ クリーム,ミノン,2025-12-23,32.0,ミノン アミノモイスト モイストチャージ クリーム,ミノン,2025-12-29,both,up,-1.0,1.0,week2,week3
1005,latest_review_top50,,,10277172,5.0,N organic Vie ヒアルアップ リフトクリーム,Ｎ organic(エヌオーガニック),2025-12-23,6.0,N organic Vie ヒアルアップ リフトクリーム,Ｎ organic(エヌオーガニック),2025-12-29,both,down,1.0,1.0,week2,week3
1005,latest_review_top50,,,10278376,2.0,レチノパワー リンクルクリーム ba,エリクシール,2025-12-23,2.0,レチノパワー リンクルクリーム ba,エリクシール,2025-12-29,both,same,0.0,0.0,week2,week3
1005,latest_review_top50,,,10281632,38.0,スキンパワー リニュー エアリー クリーム,SK-II,2025-12-23,36.0,スキンパワー リニュー エアリー クリーム,SK-II,2025-12-29,both,up,-2.0,2.0,week2,week3
1005,pchannel_top3,pchannel,コンビニエンスストア,269503,1.0,ニベアクリーム,ニベア,2025-12-23,1.0,ニベアクリーム,ニベア,2025-12-29,both,same,0.0,0.0,week2,week3
1005,pchannel_top3,pchannel,コンビニエンスストア,10218292,3.0,ダイブイン スージング クリーム,Torriden (トリデン),2025-12-23,3.0,ダイブイン スージング クリーム,Torriden (トリデン),2025-12-29,both,same,0.0,0.0,week2,week3
1005,pchannel_top3,pchannel,コンビニエンスストア,10270398,2.0,アミノ酸浸透ジェル,M-mark series,2025-12-23,2.0,アミノ酸浸透ジェル,M-mark series,2025-12-29,both,same,0.0,0.0,week2,week3
1005,pchannel_top3,pchannel,スーパー・ドラッグ,293354,2.0,潤浸保湿フェイスクリーム,キュレル,2025-12-23,2.0,潤浸保湿フェイスクリーム,キュレル,2025-12-29,both,same,0.0,0.0,week2,week3
1005,pchannel_top3,pchannel,バラエティショップ,10248341,2.0,シカプラスト リペアクリーム B5+,ラ ロッシュ ポゼ,2025-12-23,2.0,シカプラスト リペアクリーム B5+,ラ ロッシュ ポゼ,2025-12-29,both,same,0.0,0.0,week2,week3
1005,pchannel_top3,pchannel,バラエティショップ,10251566,1.0,プロバイオダーム(TM)　3Dリフティングクリーム,BIOHEAL BOH,2025-12-23,1.0,プロバイオダーム(TM)　3Dリフティングクリーム,BIOHEAL BOH,2025-12-29,both,same,0.0,0.0,week2,week3
1005,pchannel_top3,pchannel,バラエティショップ,10259711,3.0,ゴールデンタイムリペア　深夜浸透クリーム,SOFINA iP,2025-12-23,3.0,ゴールデンタイムリペア　深夜浸透クリーム,SOFINA iP,2025-12-29,both,same,0.0,0.0,week2,week3
1005,pchannel_top3,pchannel,化粧品専門店,10225645,2.0,リポソーム アドバンスト リペアクリーム,コスメデコルテ,2025-12-23,2.0,リポソーム アドバンスト リペアクリーム,コスメデコルテ,2025-12-29,both,same,0.0,0.0,week2,week3
1005,pchannel_top3,pchannel,独立店舗・サロン,10122788,2.0,ヴァイブランスマスク,エンビロン,2025-12-23,2.0,ヴァイブランスマスク,エンビロン,2025-12-29,both,same,0.0,0.0,week2,week3
1005,pchannel_top3,pchannel,独立店舗・サロン,10234273,3.0,ザ･モイスチャライジング ソフト クリーム,ラ・メール,2025-12-23,3.0,ザ･モイスチャライジング ソフト クリーム,ラ・メール,2025-12-29,both,same,0.0,0.0,week2,week3
1005,pchannel_top3,pchannel,独立店舗・サロン,10241921,1.0,オルビスユー ドット クリームモイスチャライザー,オルビス,2025-12-23,1.0,オルビスユー ドット クリームモイスチャライザー,オルビス,2025-12-29,both,same,0.0,0.0,week2,week3
1005,pchannel_top3,pchannel,訪問販売,10108928,2.0,シスレイヤ インテグラル エクストラ リッシュ,シスレー,2025-12-23,2.0,シスレイヤ インテグラル エクストラ リッシュ,シスレー,2025-12-29,both,same,0.0,0.0,week2,week3
1005,pchannel_top3,pchannel,訪問販売,10240146,1.0,レチノショット 0.1,トゥヴェール,2025-12-23,1.0,レチノショット 0.1,トゥヴェール,2025-12-29,both,same,0.0,0.0,week2,week3
1005,pchannel_top3,pchannel,訪問販売,10253153,3.0,トリートメント デイ クリーム,カバーマーク,2025-12-23,3.0,トリートメント デイ クリーム,カバーマーク,2025-12-29,both,same,0.0,0.0,week2,week3
1005,pchannel_top3,pchannel,通販化粧品・コスメ,10275368,3.0,スキンパワー リニュー クリーム,SK-II,2025-12-23,3.0,スキンパワー リニュー クリーム,SK-II,2025-12-29,both,same,0.0,0.0,week2,week3
1005,pchannel_top3,pchannel,通販化粧品・コスメ,10276493,1.0,カネボウ クリーム イン デイII,KANEBO,2025-12-23,1.0,カネボウ クリーム イン デイII,KANEBO,2025-12-29,both,same,0.0,0.0,week2,week3
1005,pchannel_top3,pchannel,通販化粧品・コスメ,10278376,2.0,レチノパワー リンクルクリーム ba,エリクシール,2025-12-23,2.0,レチノパワー リンクルクリーム ba,エリクシール,2025-12-29,both,same,0.0,0.0,week2,week3
1005,rise_review_top10,,,313932,,,,,3.0,ビタエンリッチド クリーム＆フェイスベース,ボビイ ブラウン,2025-12-29,right_only,new,,,week2,week3
1005,rise_review_top10,,,2887877,3.0,クリーム,キュレル,2025-12-23,1.0,クリーム,キュレル,2025-12-29,both,up,-2.0,2.0,week2,week3
1005,rise_review_top10,,,2940958,8.0,シミ・ソバカス予防ケア フェイスクリーム,キュレル,2025-12-23,,,,,left_only,dropped,,,week2,week3
1005,rise_review_top10,,,2954561,1.0,アンブリオリス モイスチャークリーム,アンブリオリス,2025-12-23,6.0,アンブリオリス モイスチャークリーム,アンブリオリス,2025-12-29,both,down,5.0,5.0,week2,week3
1005,rise_review_top10,,,10115042,4.0,カネボウ フレッシュ デイ クリーム,KANEBO,2025-12-23,7.0,カネボウ フレッシュ デイ クリーム,KANEBO,2025-12-29,both,down,3.0,3.0,week2,week3
1005,rise_review_top10,,,10192336,6.0,アトバリア365 クリーム,AESTURA,2025-12-23,,,,,left_only,dropped,,,week2,week3
1005,rise_review_top10,,,10211545,2.0,スキンリペアクリーム,d プログラム,2025-12-23,2.0,スキンリペアクリーム,d プログラム,2025-12-29,both,same,0.0,0.0,week2,week3
1005,rise_review_top10,,,10225645,,,,,5.0,リポソーム アドバンスト リペアクリーム,コスメデコルテ,2025-12-29,right_only,new,,,week2,week3
1005,rise_review_top10,,,10244212,7.0,ホワイトトリュフダブルセラムアンドクリーム,d'Alba(ダルバ),2025-12-23,,,,,left_only,dropped,,,week2,week3
1005,rise_review_top10,,,10248406,9.0,デイスキンコンフォート,エクセル,2025-12-23,,,,,left_only,dropped,,,week2,week3
1005,rise_review_top10,,,10251566,5.0,プロバイオダーム(TM)　3Dリフティングクリーム,BIOHEAL BOH,2025-12-23,,,,,left_only,dropped,,,week2,week3
1005,rise_review_top10,,,10270398,,,,,4.0,アミノ酸浸透ジェル,M-mark series,2025-12-29,right_only,new,,,week2,week3
1005,rise_review_top10,,,10275368,10.0,スキンパワー リニュー クリーム,SK-II,2025-12-23,8.0,スキンパワー リニュー クリーム,SK-II,2025-12-29,both,up,-2.0,2.0,week2,week3
1005,rise_review_top10,,,10276493,,,,,10.0,カネボウ クリーム イン デイII,KANEBO,2025-12-29,right_only,new,,,week2,week3
1005,rise_review_top10,,,10278376,,,,,9.0,レチノパワー リンクルクリーム ba,エリクシール,2025-12-29,right_only,new,,,week2,week3
1005,skin_top3,skin,アトピー,293354,3.0,潤浸保湿フェイスクリーム,キュレル,2025-12-23,3.0,潤浸保湿フェイスクリーム,キュレル,2025-12-29,both,same,0.0,0.0,week2,week3
1005,skin_top3,skin,アトピー,10259711,2.0,ゴールデンタイムリペア　深夜浸透クリーム,SOFINA iP,2025-12-23,1.0,ゴールデンタイムリペア　深夜浸透クリーム,SOFINA iP,2025-12-29,both,up,-1.0,1.0,week2,week3
1005,skin_top3,skin,アトピー,10276493,1.0,カネボウ クリーム イン デイII,KANEBO,2025-12-23,2.0,カネボウ クリーム イン デイII,KANEBO,2025-12-29,both,down,1.0,1.0,week2,week3
1005,skin_top3,skin,敏感肌,10225645,3.0,リポソーム アドバンスト リペアクリーム,コスメデコルテ,2025-12-23,3.0,リポソーム アドバンスト リペアクリーム,コスメデコルテ,2025-12-29,both,same,0.0,0.0,week2,week3
1005,skin_top3,skin,普通肌,10258139,3.0,アクア チャージ 薬用 ミルキー クリーム,エスティ ローダー,2025-12-23,,,,,left_only,dropped,,,week2,week3
1005,skin_top3,skin,混合肌,10275368,1.0,スキンパワー リニュー クリーム,SK-II,2025-12-23,1.0,スキンパワー リニュー クリーム,SK-II,2025-12-29,both,same,0.0,0.0,week2,week3
1005,skin_top3,skin,混合肌,10278376,2.0,レチノパワー リンクルクリーム ba,エリクシール,2025-12-23,2.0,レチノパワー リンクルクリーム ba,エリクシール,2025-12-29,both,same,0.0,0.0,week2,week3
800,age_top3,age,10代,10135760,3.0,ラッシュジェリードロップ ＥＸ,マジョリカ マジョルカ,2025-12-23,3.0,ラッシュジェリードロップ ＥＸ,マジョリカ マジョルカ,2025-12-29,both,same,0.0,0.0,week2,week3
800,age_top3,age,20代前半,10251452,2.0,メイク キープ ミスト EX ＋,コーセーコスメニエンス,2025-12-23,3.0,メイク キープ ミスト EX ＋,コーセーコスメニエンス,2025-12-29,both,down,1.0,1.0,week2,week3
800,age_top3,age,20代後半,10124096,1.0,スピーディーマスカラリムーバー,ヒロインメイク,2025-12-23,1.0,スピーディーマスカラリムーバー,ヒロインメイク,2025-12-29,both,same,0.0,0.0,week2,week3
800,age_top3,age,30代後半,10270653,3.0,PDRN100ヒアルロン酸セラムマスク,Anua,2025-12-23,3.0,PDRN100ヒアルロン酸セラムマスク,Anua,2025-12-29,both,same,0.0,0.0,week2,week3
800,age_top3,age,40代,10259468,3.0,ジェニフィック アルティメ セラム,ランコム,2025-12-23,,,,,left_only,dropped,,,week2,week3
800,age_top3,age,40代,10272213,2.0,オルビス ザ クレンジング オイル,オルビス,2025-12-23,2.0,オルビス ザ クレンジング オイル,オルビス,2025-12-29,both,same,0.0,0.0,week2,week3
800,age_top3,age,40代,10275368,1.0,スキンパワー リニュー クリーム,SK-II,2025-12-23,,,,,left_only,dropped,,,week2,week3
800,age_top3,age,50代〜,10243030,2.0,スキンクリア クレンズ オイル アロマタイプ リフレシングシトラスの香り,アテニア,2025-12-23,2.0,スキンクリア クレンズ オイル アロマタイプ リフレシングシトラスの香り,アテニア,2025-12-29,both,same,0.0,0.0,week2,week3
800,age_top3,age,50代〜,10275368,,,,,3.0,スキンパワー リニュー クリーム,SK-II,2025-12-29,right_only,new,,,week2,week3
800,age_top3,age,50代〜,10276713,3.0,ジェニフィック アルティメ エッセンス ローション,ランコム,2025-12-23,,,,,left_only,dropped,,,week2,week3
800,age_top3,age,50代〜,10278376,1.0,レチノパワー リンクルクリーム ba,エリクシール,2025-12-23,1.0,レチノパワー リンクルクリーム ba,エリクシール,2025-12-29,both,same,0.0,0.0,week2,week3
800,latest_review_top50,,,293354,28.0,潤浸保湿フェイスクリーム,キュレル,2025-12-23,28.0,潤浸保湿フェイスクリーム,キュレル,2025-12-29,both,same,0.0,0.0,week2,week3
800,latest_review_top50,,,2877405,33.0,タカミスキンピール,タカミ,2025-12-23,36.0,タカミスキンピール,タカミ,2025-12-29,both,down,3.0,3.0,week2,week3
800,latest_review_top50,,,2893546,24.0,フェイシャル トリートメント エッセンス,SK-II,2025-12-23,22.0,フェイシャル トリートメント エッセンス,SK-II,2025-12-29,both,up,-2.0,2.0,week2,week3
800,latest_review_top50,,,10079040,40.0,ザ・タイムR アクア,イプサ,2025-12-23,42.0,ザ・タイムR アクア,イプサ,2025-12-29,both,down,2.0,2.0,week2,week3
800,latest_review_top50,,,10098857,49.0,ダーマパワーX リップエッセンス,オバジ,2025-12-23,48.0,ダーマパワーX リップエッセンス,オバジ,2025-12-29,both,up,-1.0,1.0,week2,week3
800,latest_review_top50,,,10124096,11.0,スピーディーマスカラリムーバー,ヒロインメイク,2025-12-23,9.0,スピーディーマスカラリムーバー,ヒロインメイク,2025-12-29,both,up,-2.0,2.0,week2,week3
800,latest_review_top50,,,10135760,50.0,ラッシュジェリードロップ ＥＸ,マジョリカ マジョルカ,2025-12-23,,,,,left_only,dropped,,,week2,week3
800,latest_review_top50,,,10143798,48.0,レブロン キス シュガー スクラブ,レブロン,2025-12-23,44.0,レブロン キス シュガー スクラブ,レブロン,2025-12-29,both,up,-4.0,4.0,week2,week3
800,latest_review_top50,,,10181425,23.0,エッセンスイン クレンジングフォーム,d プログラム,2025-12-23,21.0,エッセンスイン クレンジングフォーム,d プログラム,2025-12-29,both,up,-2.0,2.0,week2,week3
800,latest_review_top50,,,10189923,34.0,ディープモイスチャースプレー,キュレル,2025-12-23,32.0,ディープモイスチャースプレー,キュレル,2025-12-29,both,up,-2.0,2.0,week2,week3
800,latest_review_top50,,,10202914,14.0,ホワイトトリュフファーストスプレーセラム,d'Alba(ダルバ),2025-12-23,15.0,ホワイトトリュフファーストスプレーセラム,d'Alba(ダルバ),2025-12-29,both,down,1.0,1.0,week2,week3
800,latest_review_top50,,,10203762,13.0,カネボウ スクラビング マッド ウォッシュ,KANEBO,2025-12-23,13.0,カネボウ スクラビング マッド ウォッシュ,KANEBO,2025-12-29,both,same,0.0,0.0,week2,week3
800,latest_review_top50,,,10209809,7.0,リポソーム アドバンスト リペアセラム,コスメデコルテ,2025-12-23,7.0,リポソーム アドバンスト リペアセラム,コスメデコルテ,2025-12-29,both,same,0.0,0.0,week2,week3
800,latest_review_top50,,,10210539,47.0,ダイブイン マスク,Torriden (トリデン),2025-12-23,45.0,ダイブイン マスク,Torriden (トリデン),2025-12-29,both,up,-2.0,2.0,week2,week3
800,latest_review_top50,,,10212986,18.0,マイルドクレンジング オイル,ファンケル,2025-12-23,20.0,マイルドクレンジング オイル,ファンケル,2025-12-29,both,down,2.0,2.0,week2,week3
800,latest_review_top50,,,10225645,26.0,リポソーム アドバンスト リペアクリーム,コスメデコルテ,2025-12-23,24.0,リポソーム アドバンスト リペアクリーム,コスメデコルテ,2025-12-29,both,up,-2.0,2.0,week2,week3
800,latest_review_top50,,,10237751,42.0,ポアクリア オイル,ONE BY KOSE,2025-12-23,41.0,ポアクリア オイル,ONE BY KOSE,2025-12-29,both,up,-1.0,1.0,week2,week3
800,latest_review_top50,,,10240557,25.0,セラム シールド,ONE BY KOSE,2025-12-23,23.0,セラム シールド,ONE BY KOSE,2025-12-29,both,up,-2.0,2.0,week2,week3
800,latest_review_top50,,,10242325,17.0,アルティム8∞ スブリム ビューティ クレンジング オイルn,シュウ ウエムラ,2025-12-23,18.0,アルティム8∞ スブリム ビューティ クレンジング オイルn,シュウ ウエムラ,2025-12-29,both,down,1.0,1.0,week2,week3
800,latest_review_top50,,,10243030,6.0,スキンクリア クレンズ オイル アロマタイプ リフレシングシトラスの香り,アテニア,2025-12-23,6.0,スキンクリア クレンズ オイル アロマタイプ リフレシングシトラスの香り,アテニア,2025-12-29,both,same,0.0,0.0,week2,week3
800,latest_review_top50,,,10245884,38.0,ルルルン ハイドラ EX マスク,ルルルン,2025-12-23,38.0,ルルルン ハイドラ EX マスク,ルルルン,2025-12-29,both,same,0.0,0.0,week2,week3
800,latest_review_top50,,,10248341,,,,,50.0,シカプラスト リペアクリーム B5+,ラ ロッシュ ポゼ,2025-12-29,right_only,new,,,week2,week3
800,latest_review_top50,,,10249729,45.0,スキン　ハーモナイザー,KANEBO,2025-12-23,46.0,スキン　ハーモナイザー,KANEBO,2025-12-29,both,down,1.0,1.0,week2,week3
800,latest_review_top50,,,10251452,27.0,メイク キープ ミスト EX ＋,コーセーコスメニエンス,2025-12-23,29.0,メイク キープ ミスト EX ＋,コーセーコスメニエンス,2025-12-29,both,down,2.0,2.0,week2,week3
800,latest_review_top50,,,10251566,,,,,49.0,プロバイオダーム(TM)　3Dリフティングクリーム,BIOHEAL BOH,2025-12-29,right_only,new,,,week2,week3
800,latest_review_top50,,,10257456,29.0,ABC-Gピールウォッシュ,ドクターケイ,2025-12-23,27.0,ABC-Gピールウォッシュ,ドクターケイ,2025-12-29,both,up,-2.0,2.0,week2,week3
800,latest_review_top50,,,10258139,39.0,アクア チャージ 薬用 ミルキー クリーム,エスティ ローダー,2025-12-23,43.0,アクア チャージ 薬用 ミルキー クリーム,エスティ ローダー,2025-12-29,both,down,4.0,4.0,week2,week3
800,latest_review_top50,,,10259390,35.0,エリクシール ザ セラム aa,エリクシール,2025-12-23,33.0,エリクシール ザ セラム aa,エリクシール,2025-12-29,both,up,-2.0,2.0,week2,week3
800,latest_review_top50,,,10259468,10.0,ジェニフィック アルティメ セラム,ランコム,2025-12-23,12.0,ジェニフィック アルティメ セラム,ランコム,2025-12-29,both,down,2.0,2.0,week2,week3
800,latest_review_top50,,,10259711,15.0,ゴールデンタイムリペア　深夜浸透クリーム,SOFINA iP,2025-12-23,14.0,ゴールデンタイムリペア　深夜浸透クリーム,SOFINA iP,2025-12-29,both,up,-1.0,1.0,week2,week3
800,latest_review_top50,,,10263023,12.0,PDRN ヒアルロン酸100 セラム,Anua,2025-12-23,11.0,PDRN ヒアルロン酸100 セラム,Anua,2025-12-29,both,up,-1.0,1.0,week2,week3
800,latest_review_top50,,,10265318,37.0,UVイデア XL プロテクショントーンアップ ローズ+,ラ ロッシュ ポゼ,2025-12-23,37.0,UVイデア XL プロテクショントーンアップ ローズ+,ラ ロッシュ ポゼ,2025-12-29,both,same,0.0,0.0,week2,week3
800,latest_review_top50,,,10266136,43.0,アベイユ ロイヤル ウォータリー オイル セロム,ゲラン,2025-12-23,40.0,アベイユ ロイヤル ウォータリー オイル セロム,ゲラン,2025-12-29,both,up,-3.0,3.0,week2,week3
800,latest_review_top50,,,10267501,21.0,メラノフォーカスＩＶ,HAKU,2025-12-23,19.0,メラノフォーカスＩＶ,HAKU,2025-12-29,both,up,-2.0,2.0,week2,week3
800,latest_review_top50,,,10267574,31.0,エリクシール デーケアレボリューション ブライトニング ＋ ba,エリクシール,2025-12-23,34.0,エリクシール デーケアレボリューション ブライトニング ＋ ba,エリクシール,2025-12-29,both,down,3.0,3.0,week2,week3
800,latest_review_top50,,,10267775,20.0,アルティミューン パワライジング セラム,SHISEIDO,2025-12-23,17.0,アルティミューン パワライジング セラム,SHISEIDO,2025-12-29,both,up,-3.0,3.0,week2,week3
800,latest_review_top50,,,10270653,8.0,PDRN100ヒアルロン酸セラムマスク,Anua,2025-12-23,8.0,PDRN100ヒアルロン酸セラムマスク,Anua,2025-12-29,both,same,0.0,0.0,week2,week3
800,latest_review_top50,,,10270821,44.0,ポアクリア スクラブ ウォッシュ,ONE BY KOSE,2025-12-23,47.0,ポアクリア スクラブ ウォッシュ,ONE BY KOSE,2025-12-29,both,down,3.0,3.0,week2,week3
800,latest_review_top50,,,10271786,30.0,AQ 毛穴美容液オイル,コスメデコルテ,2025-12-23,30.0,AQ 毛穴美容液オイル,コスメデコルテ,2025-12-29,both,same,0.0,0.0,week2,week3
800,latest_review_top50,,,10272213,4.0,オルビス ザ クレンジング オイル,オルビス,2025-12-23,4.0,オルビス ザ クレンジング オイル,オルビス,2025-12-29,both,same,0.0,0.0,week2,week3
800,latest_review_top50,,,10272553,46.0,スキンクリア クレンズ オイル アロマタイプ クリアネスラベンダーの香り,アテニア,2025-12-23,,,,,left_only,dropped,,,week2,week3
800,latest_review_top50,,,10275334,41.0,潤浸保湿 泡ジェル洗顔料,キュレル,2025-12-23,39.0,潤浸保湿 泡ジェル洗顔料,キュレル,2025-12-29,both,up,-2.0,2.0,week2,week3
800,latest_review_top50,,,10275368,1.0,スキンパワー リニュー クリーム,SK-II,2025-12-23,1.0,スキンパワー リニュー クリーム,SK-II,2025-12-29,both,same,0.0,0.0,week2,week3
800,latest_review_top50,,,10276493,3.0,カネボウ クリーム イン デイII,KANEBO,2025-12-23,3.0,カネボウ クリーム イン デイII,KANEBO,2025-12-29,both,same,0.0,0.0,week2,week3
800,latest_review_top50,,,10276713,9.0,ジェニフィック アルティメ エッセンス ローション,ランコム,2025-12-23,10.0,ジェニフィック アルティメ エッセンス ローション,ランコム,2025-12-29,both,down,1.0,1.0,week2,week3
800,latest_review_top50,,,10276719,16.0,リフトモイスト ローション しっとりタイプ ba,エリクシール,2025-12-23,16.0,リフトモイスト ローション しっとりタイプ ba,エリクシール,2025-12-29,both,same,0.0,0.0,week2,week3
800,latest_review_top50,,,10276724,36.0,リフトモイスト エマルジョン しっとりタイプ ba,エリクシール,2025-12-23,31.0,リフトモイスト エマルジョン しっとりタイプ ba,エリクシール,2025-12-29,both,up,-5.0,5.0,week2,week3
800,latest_review_top50,,,10276800,19.0,ユース パワー エッセンス ローション,コスメデコルテ,2025-12-23,26.0,ユース パワー エッセンス ローション,コスメデコルテ,2025-12-29,both,down,7.0,7.0,week2,week3
800,latest_review_top50,,,10277172,22.0,N organic Vie ヒアルアップ リフトクリーム,Ｎ organic(エヌオーガニック),2025-12-23,25.0,N organic Vie ヒアルアップ リフトクリーム,Ｎ organic(エヌオーガニック),2025-12-29,both,down,3.0,3.0,week2,week3
800,latest_review_top50,,,10278376,2.0,レチノパワー リンクルクリーム ba,エリクシール,2025-12-23,2.0,レチノパワー リンクルクリーム ba,エリクシール,2025-12-29,both,same,0.0,0.0,week2,week3
800,latest_review_top50,,,10279126,5.0,モイストケア　ローション　ＥＸ,d プログラム,2025-12-23,5.0,モイストケア　ローション　ＥＸ,d プログラム,2025-12-29,both,same,0.0,0.0,week2,week3
800,latest_review_top50,,,10280839,32.0,ルルルン ハイドラ PD マスク,ルルルン,2025-12-23,35.0,ルルルン ハイドラ PD マスク,ルルルン,2025-12-29,both,down,3.0,3.0,week2,week3
800,pchannel_top3,pchannel,コンビニエンスストア,10199590,1.0,スキンケアクレンジング,パラドゥ,2025-12-23,2.0,スキンケアクレンジング,パラドゥ,2025-12-29,both,down,1.0,1.0,week2,week3
800,pchannel_top3,pchannel,コンビニエンスストア,10210539,3.0,ダイブイン マスク,Torriden (トリデン),2025-12-23,,,,,left_only,dropped,,,week2,week3
800,pchannel_top3,pchannel,コンビニエンスストア,10218299,2.0,ソリッドイン セラミド リップエッセンス,Torriden (トリデン),2025-12-23,1.0,ソリッドイン セラミド リップエッセンス,Torriden (トリデン),2025-12-29,both,up,-1.0,1.0,week2,week3
800,pchannel_top3,pchannel,コンビニエンスストア,10256630,,,,,3.0,セルメイジング ビタC ブライトニング マスク,Torriden (トリデン),2025-12-29,right_only,new,,,week2,week3
800,pchannel_top3,pchannel,スーパー・ドラッグ,10124096,1.0,スピーディーマスカラリムーバー,ヒロインメイク,2025-12-23,,,,,left_only,dropped,,,week2,week3
800,pchannel_top3,pchannel,スーパー・ドラッグ,10259711,2.0,ゴールデンタイムリペア　深夜浸透クリーム,SOFINA iP,2025-12-23,2.0,ゴールデンタイムリペア　深夜浸透クリーム,SOFINA iP,2025-12-29,both,same,0.0,0.0,week2,week3
800,pchannel_top3,pchannel,スーパー・ドラッグ,10267574,3.0,エリクシール デーケアレボリューション ブライトニング ＋ ba,エリクシール,2025-12-23,3.0,エリクシール デーケアレボリューション ブライトニング ＋ ba,エリクシール,2025-12-29,both,same,0.0,0.0,week2,week3
800,pchannel_top3,pchannel,デパート,2893546,2.0,フェイシャル トリートメント エッセンス,SK-II,2025-12-23,2.0,フェイシャル トリートメント エッセンス,SK-II,2025-12-29,both,same,0.0,0.0,week2,week3
800,pchannel_top3,pchannel,デパート,10267775,3.0,アルティミューン パワライジング セラム,SHISEIDO,2025-12-23,3.0,アルティミューン パワライジング セラム,SHISEIDO,2025-12-29,both,same,0.0,0.0,week2,week3
800,pchannel_top3,pchannel,バラエティショップ,10124096,,,,,3.0,スピーディーマスカラリムーバー,ヒロインメイク,2025-12-29,right_only,new,,,week2,week3
800,pchannel_top3,pchannel,バラエティショップ,10165317,2.0,リップスリーピングマスク,LANEIGE(ラネージュ),2025-12-23,2.0,リップスリーピングマスク,LANEIGE(ラネージュ),2025-12-29,both,same,0.0,0.0,week2,week3
800,pchannel_top3,pchannel,バラエティショップ,10202914,1.0,ホワイトトリュフファーストスプレーセラム,d'Alba(ダルバ),2025-12-23,1.0,ホワイトトリュフファーストスプレーセラム,d'Alba(ダルバ),2025-12-29,both,same,0.0,0.0,week2,week3
800,pchannel_top3,pchannel,バラエティショップ,10270653,3.0,PDRN100ヒアルロン酸セラムマスク,Anua,2025-12-23,,,,,left_only,dropped,,,week2,week3
800,pchannel_top3,pchannel,化粧品専門店,10203762,3.0,カネボウ スクラビング マッド ウォッシュ,KANEBO,2025-12-23,3.0,カネボウ スクラビング マッド ウォッシュ,KANEBO,2025-12-29,both,same,0.0,0.0,week2,week3
800,pchannel_top3,pchannel,化粧品専門店,10209809,2.0,リポソーム アドバンスト リペアセラム,コスメデコルテ,2025-12-23,1.0,リポソーム アドバンスト リペアセラム,コスメデコルテ,2025-12-29,both,up,-1.0,1.0,week2,week3
800,pchannel_top3,pchannel,独立店舗・サロン,10146414,,,,,3.0,ラッシュアディクト アイラッシュコンディショニングセラム,soaddicted,2025-12-29,right_only,new,,,week2,week3
800,pchannel_top3,pchannel,独立店舗・サロン,10244750,2.0,発酵導入美容液,無印良品,2025-12-23,2.0,発酵導入美容液,無印良品,2025-12-29,both,same,0.0,0.0,week2,week3
800,pchannel_top3,pchannel,独立店舗・サロン,10256652,1.0,ラッシュアディクト アイラッシュ コンディショニング セラム アドバンス,soaddicted,2025-12-23,1.0,ラッシュアディクト アイラッシュ コンディショニング セラム アドバンス,soaddicted,2025-12-29,both,same,0.0,0.0,week2,week3
800,pchannel_top3,pchannel,独立店舗・サロン,10272213,3.0,オルビス ザ クレンジング オイル,オルビス,2025-12-23,,,,,left_only,dropped,,,week2,week3
800,pchannel_top3,pchannel,訪問販売,10227423,3.0,ローズヒップ マルチオイル,SKINFOOD(スキンフード),2025-12-23,3.0,ローズヒップ マルチオイル,SKINFOOD(スキンフード),2025-12-29,both,same,0.0,0.0,week2,week3
800,pchannel_top3,pchannel,訪問販売,10240146,1.0,レチノショット 0.1,トゥヴェール,2025-12-23,1.0,レチノショット 0.1,トゥヴェール,2025-12-29,both,same,0.0,0.0,week2,week3
800,pchannel_top3,pchannel,訪問販売,10259565,2.0,ダブル セーラム ADC,クラランス,2025-12-23,2.0,ダブル セーラム ADC,クラランス,2025-12-29,both,same,0.0,0.0,week2,week3
800,pchannel_top3,pchannel,通販化粧品・コスメ,10243030,1.0,スキンクリア クレンズ オイル アロマタイプ リフレシングシトラスの香り,アテニア,2025-12-23,1.0,スキンクリア クレンズ オイル アロマタイプ リフレシングシトラスの香り,アテニア,2025-12-29,both,same,0.0,0.0,week2,week3
800,pchannel_top3,pchannel,通販化粧品・コスメ,10272213,,,,,2.0,オルビス ザ クレンジング オイル,オルビス,2025-12-29,right_only,new,,,week2,week3
800,pchannel_top3,pchannel,通販化粧品・コスメ,10276493,3.0,カネボウ クリーム イン デイII,KANEBO,2025-12-23,3.0,カネボウ クリーム イン デイII,KANEBO,2025-12-29,both,same,0.0,0.0,week2,week3
800,rise_review_top10,,,2893546,,,,,5.0,フェイシャル トリートメント エッセンス,SK-II,2025-12-29,right_only,new,,,week2,week3
800,rise_review_top10,,,10124096,,,,,2.0,スピーディーマスカラリムーバー,ヒロインメイク,2025-12-29,right_only,new,,,week2,week3
800,rise_review_top10,,,10181425,,,,,4.0,エッセンスイン クレンジングフォーム,d プログラム,2025-12-29,right_only,new,,,week2,week3
800,rise_review_top10,,,10209809,4.0,リポソーム アドバンスト リペアセラム,コスメデコルテ,2025-12-23,,,,,left_only,dropped,,,week2,week3
800,rise_review_top10,,,10212986,5.0,マイルドクレンジング オイル,ファンケル,2025-12-23,,,,,left_only,dropped,,,week2,week3
800,rise_review_top10,,,10225645,,,,,7.0,リポソーム アドバンスト リペアクリーム,コスメデコルテ,2025-12-29,right_only,new,,,week2,week3
800,rise_review_top10,,,10240557,,,,,6.0,セラム シールド,ONE BY KOSE,2025-12-29,right_only,new,,,week2,week3
800,rise_review_top10,,,10243030,3.0,スキンクリア クレンズ オイル アロマタイプ リフレシングシトラスの香り,アテニア,2025-12-23,,,,,left_only,dropped,,,week2,week3
800,rise_review_top10,,,10257456,2.0,ABC-Gピールウォッシュ,ドクターケイ,2025-12-23,8.0,ABC-Gピールウォッシュ,ドクターケイ,2025-12-29,both,down,6.0,6.0,week2,week3
800,rise_review_top10,,,10259711,,,,,10.0,ゴールデンタイムリペア　深夜浸透クリーム,SOFINA iP,2025-12-29,right_only,new,,,week2,week3
800,rise_review_top10,,,10263023,,,,,9.0,PDRN ヒアルロン酸100 セラム,Anua,2025-12-29,right_only,new,,,week2,week3
800,rise_review_top10,,,10267501,1.0,メラノフォーカスＩＶ,HAKU,2025-12-23,3.0,メラノフォーカスＩＶ,HAKU,2025-12-29,both,down,2.0,2.0,week2,week3
800,rise_review_top10,,,10267775,,,,,1.0,アルティミューン パワライジング セラム,SHISEIDO,2025-12-29,right_only,new,,,week2,week3
800,rise_review_top10,,,10272213,10.0,オルビス ザ クレンジング オイル,オルビス,2025-12-23,,,,,left_only,dropped,,,week2,week3
800,rise_review_top10,,,10275368,7.0,スキンパワー リニュー クリーム,SK-II,2025-12-23,,,,,left_only,dropped,,,week2,week3
800,rise_review_top10,,,10276493,9.0,カネボウ クリーム イン デイII,KANEBO,2025-12-23,,,,,left_only,dropped,,,week2,week3
800,rise_review_top10,,,10278376,8.0,レチノパワー リンクルクリーム ba,エリクシール,2025-12-23,,,,,left_only,dropped,,,week2,week3
800,rise_review_top10,,,10279126,6.0,モイストケア　ローション　ＥＸ,d プログラム,2025-12-23,,,,,left_only,dropped,,,week2,week3
800,skin_top3,skin,アトピー,10124096,,,,,3.0,スピーディーマスカラリムーバー,ヒロインメイク,2025-12-29,right_only,new,,,week2,week3
800,skin_top3,skin,アトピー,10270653,3.0,PDRN100ヒアルロン酸セラムマスク,Anua,2025-12-23,,,,,left_only,dropped,,,week2,week3
800,skin_top3,skin,アトピー,10272213,2.0,オルビス ザ クレンジング オイル,オルビス,2025-12-23,2.0,オルビス ザ クレンジング オイル,オルビス,2025-12-29,both,same,0.0,0.0,week2,week3
800,skin_top3,skin,アトピー,10279126,1.0,モイストケア　ローション　ＥＸ,d プログラム,2025-12-23,1.0,モイストケア　ローション　ＥＸ,d プログラム,2025-12-29,both,same,0.0,0.0,week2,week3
800,skin_top3,skin,敏感肌,10212986,3.0,マイルドクレンジング オイル,ファンケル,2025-12-23,3.0,マイルドクレンジング オイル,ファンケル,2025-12-29,both,same,0.0,0.0,week2,week3
800,skin_top3,skin,混合肌,10270653,,,,,3.0,PDRN100ヒアルロン酸セラムマスク,Anua,2025-12-29,right_only,new,,,week2,week3
800,skin_top3,skin,混合肌,10275368,2.0,スキンパワー リニュー クリーム,SK-II,2025-12-23,2.0,スキンパワー リニュー クリーム,SK-II,2025-12-29,both,same,0.0,0.0,week2,week3
800,skin_top3,skin,脂性肌,10243030,1.0,スキンクリア クレンズ オイル アロマタイプ リフレシングシトラスの香り,アテニア,2025-12-23,2.0,スキンクリア クレンズ オイル アロマタイプ リフレシングシトラスの香り,アテニア,2025-12-29,both,down,1.0,1.0,week2,week3
803,age_top3,age,10代,10242392,2.0,メリハリマスターパレット,JUDYDOLL,2025-12-23,2.0,メリハリマスターパレット,JUDYDOLL,2025-12-29,both,same,0.0,0.0,week2,week3
803,age_top3,age,10代,10245099,3.0,トランスルーセントセットフィニッシングパウダー,tfit,2025-12-23,,,,,left_only,dropped,,,week2,week3
803,age_top3,age,20代後半,10248076,3.0,ルース パウダー,コスメデコルテ,2025-12-23,,,,,left_only,dropped,,,week2,week3
803,age_top3,age,20代後半,10251452,2.0,メイク キープ ミスト EX ＋,コーセーコスメニエンス,2025-12-23,2.0,メイク キープ ミスト EX ＋,コーセーコスメニエンス,2025-12-29,both,same,0.0,0.0,week2,week3
803,age_top3,age,30代前半,10054624,2.0,ライトリフレクティングセッティングパウダー プレスト N,NARS,2025-12-23,,,,,left_only,dropped,,,week2,week3
803,age_top3,age,30代前半,10248076,,,,,3.0,ルース パウダー,コスメデコルテ,2025-12-29,right_only,new,,,week2,week3
803,age_top3,age,40代,10188648,3.0,ヴォワールコレクチュールｎ,クレ・ド・ポー ボーテ,2025-12-23,2.0,ヴォワールコレクチュールｎ,クレ・ド・ポー ボーテ,2025-12-29,both,up,-1.0,1.0,week2,week3
803,age_top3,age,50代〜,10268836,1.0,ジェノプティクス CC プライマー,SK-II,2025-12-23,2.0,ジェノプティクス CC プライマー,SK-II,2025-12-29,both,down,1.0,1.0,week2,week3
803,age_top3,age,50代〜,10276467,3.0,エッセンス スキンセッティング パウダー,SHISEIDO,2025-12-23,3.0,エッセンス スキンセッティング パウダー,SHISEIDO,2025-12-29,both,same,0.0,0.0,week2,week3
803,age_top3,age,50代〜,10276493,2.0,カネボウ クリーム イン デイII,KANEBO,2025-12-23,1.0,カネボウ クリーム イン デイII,KANEBO,2025-12-29,both,up,-1.0,1.0,week2,week3
803,latest_review_top50,,,336361,48.0,ミネラライズ スキンフィニッシュ,M・A・C,2025-12-23,45.0,M?A?C ミネラライズ スキンフィニッシュ,M・A・C,2025-12-29,both,up,-3.0,3.0,week2,week3
803,latest_review_top50,,,10013577,50.0,ラ プードル オートニュアンス,エレガンス,2025-12-23,,,,,left_only,dropped,,,week2,week3
803,latest_review_top50,,,10054624,5.0,ライトリフレクティングセッティングパウダー プレスト N,NARS,2025-12-23,5.0,ライトリフレクティングセッティングパウダー プレスト N,NARS,2025-12-29,both,same,0.0,0.0,week2,week3
803,latest_review_top50,,,10188648,2.0,ヴォワールコレクチュールｎ,クレ・ド・ポー ボーテ,2025-12-23,2.0,ヴォワールコレクチュールｎ,クレ・ド・ポー ボーテ,2025-12-29,both,same,0.0,0.0,week2,week3
803,latest_review_top50,,,10204445,47.0,トーンパーフェクティング パレット,コスメデコルテ,2025-12-23,47.0,トーンパーフェクティング パレット,コスメデコルテ,2025-12-29,both,same,0.0,0.0,week2,week3
803,latest_review_top50,,,10207056,41.0,マシュマロフィニッシュパウダー,キャンメイク,2025-12-23,46.0,マシュマロフィニッシュパウダー,キャンメイク,2025-12-29,both,down,5.0,5.0,week2,week3
803,latest_review_top50,,,10207342,46.0,フィニッシングパウダー マット,Chacott COSMETICS(チャコット・コスメティクス),2025-12-23,50.0,フィニッシングパウダー マット,Chacott COSMETICS(チャコット・コスメティクス),2025-12-29,both,down,4.0,4.0,week2,week3
803,latest_review_top50,,,10211607,44.0,インテンシブ セラム ラディアンス プライマー,ボビイ ブラウン,2025-12-23,41.0,インテンシブ セラム ラディアンス プライマー,ボビイ ブラウン,2025-12-29,both,up,-3.0,3.0,week2,week3
803,latest_review_top50,,,10215918,38.0,保湿力スキンケア下地,乾燥さん,2025-12-23,33.0,保湿力スキンケア下地,乾燥さん,2025-12-29,both,up,-5.0,5.0,week2,week3
803,latest_review_top50,,,10217719,34.0,ディオールスキン フォーエヴァー フルイド グロウ,ディオール,2025-12-23,31.0,ディオールスキン フォーエヴァー フルイド グロウ,ディオール,2025-12-29,both,up,-3.0,3.0,week2,week3
803,latest_review_top50,,,10218110,14.0,ウォータフルトーンアップサンクリーム,d'Alba(ダルバ),2025-12-23,17.0,ウォータフルトーンアップサンクリーム,d'Alba(ダルバ),2025-12-29,both,down,3.0,3.0,week2,week3
803,latest_review_top50,,,10219689,,,,,48.0,ヴォワールルミヌ,クレ・ド・ポー ボーテ,2025-12-29,right_only,new,,,week2,week3
803,latest_review_top50,,,10223795,15.0,ライトリフレクティング プリズマティックパウダー,NARS,2025-12-23,14.0,ライトリフレクティング プリズマティックパウダー,NARS,2025-12-29,both,up,-1.0,1.0,week2,week3
803,latest_review_top50,,,10224590,31.0,ル・レオスールデクラ,クレ・ド・ポー ボーテ,2025-12-23,24.0,ル・レオスールデクラ,クレ・ド・ポー ボーテ,2025-12-29,both,up,-7.0,7.0,week2,week3
803,latest_review_top50,,,10232043,49.0,プリズム・リーブル・スキンケアリング・コレクター,ジバンシイ,2025-12-23,,,,,left_only,dropped,,,week2,week3
803,latest_review_top50,,,10233450,11.0,ディオールスキン フォーエヴァー スキン コレクト コンシーラー,ディオール,2025-12-23,11.0,ディオールスキン フォーエヴァー スキン コレクト コンシーラー,ディオール,2025-12-29,both,same,0.0,0.0,week2,week3
803,latest_review_top50,,,10234175,8.0,サンシェルター マルチ プロテクション トーンアップCC,コスメデコルテ,2025-12-23,8.0,サンシェルター マルチ プロテクション トーンアップCC,コスメデコルテ,2025-12-29,both,same,0.0,0.0,week2,week3
803,latest_review_top50,,,10240900,12.0,エッセンス スキングロウ ファンデーション,SHISEIDO,2025-12-23,12.0,エッセンス スキングロウ ファンデーション,SHISEIDO,2025-12-29,both,same,0.0,0.0,week2,week3
803,latest_review_top50,,,10242392,,,,,49.0,メリハリマスターパレット,JUDYDOLL,2025-12-29,right_only,new,,,week2,week3
803,latest_review_top50,,,10244352,43.0,スポットメンテパウダー,muice,2025-12-23,39.0,スポットメンテパウダー,muice,2025-12-29,both,up,-4.0,4.0,week2,week3
803,latest_review_top50,,,10245097,40.0,カバーアッププロコンシーラー,tfit,2025-12-23,42.0,カバーアッププロコンシーラー,tfit,2025-12-29,both,down,2.0,2.0,week2,week3
803,latest_review_top50,,,10247953,42.0,タンイドル ウルトラ ウェア リキッド N,ランコム,2025-12-23,40.0,タンイドル ウルトラ ウェア リキッド N,ランコム,2025-12-29,both,up,-2.0,2.0,week2,week3
803,latest_review_top50,,,10248076,4.0,ルース パウダー,コスメデコルテ,2025-12-23,3.0,ルース パウダー,コスメデコルテ,2025-12-29,both,up,-1.0,1.0,week2,week3
803,latest_review_top50,,,10250406,26.0,エリクシール デーケアレボリューション トーンアップ SP＋ aa,エリクシール,2025-12-23,27.0,エリクシール デーケアレボリューション トーンアップ SP＋ aa,エリクシール,2025-12-29,both,down,1.0,1.0,week2,week3
803,latest_review_top50,,,10251401,17.0,プードルコンパクトエサンシエルｎ,クレ・ド・ポー ボーテ,2025-12-23,15.0,プードルコンパクトエサンシエルｎ,クレ・ド・ポー ボーテ,2025-12-29,both,up,-2.0,2.0,week2,week3
803,latest_review_top50,,,10251452,6.0,メイク キープ ミスト EX ＋,コーセーコスメニエンス,2025-12-23,6.0,メイク キープ ミスト EX ＋,コーセーコスメニエンス,2025-12-29,both,same,0.0,0.0,week2,week3
803,latest_review_top50,,,10255710,28.0,フィックス メイクアップ N,クラランス,2025-12-23,26.0,フィックス メイクアップ N,クラランス,2025-12-29,both,up,-2.0,2.0,week2,week3
803,latest_review_top50,,,10257514,18.0,モイスチュアライジング プライマー,ポール ＆ ジョー,2025-12-23,16.0,モイスチュアライジング プライマー,ポール ＆ ジョー,2025-12-29,both,up,-2.0,2.0,week2,week3
803,latest_review_top50,,,10257534,19.0,ライトリフレクティング　トーンアップヴェール,NARS,2025-12-23,19.0,ライトリフレクティング　トーンアップヴェール,NARS,2025-12-29,both,same,0.0,0.0,week2,week3
803,latest_review_top50,,,10258100,16.0,プリズム・リーブル,ジバンシイ,2025-12-23,18.0,プリズム・リーブル,ジバンシイ,2025-12-29,both,down,2.0,2.0,week2,week3
803,latest_review_top50,,,10259630,36.0,アンリミテッド ケア ツヤ セラム ファンデーション,シュウ ウエムラ,2025-12-23,36.0,アンリミテッド ケア ツヤ セラム ファンデーション,シュウ ウエムラ,2025-12-29,both,same,0.0,0.0,week2,week3
803,latest_review_top50,,,10261840,33.0,ラスティングベースモイストC,Chacott COSMETICS(チャコット・コスメティクス),2025-12-23,30.0,ラスティングベースモイストC,Chacott COSMETICS(チャコット・コスメティクス),2025-12-29,both,up,-3.0,3.0,week2,week3
803,latest_review_top50,,,10264698,39.0,メイク キープ ミスト EX ＋ モイスト TEA,コーセーコスメニエンス,2025-12-23,43.0,メイク キープ ミスト EX ＋ モイスト TEA,コーセーコスメニエンス,2025-12-29,both,down,4.0,4.0,week2,week3
803,latest_review_top50,,,10265318,10.0,UVイデア XL プロテクショントーンアップ ローズ+,ラ ロッシュ ポゼ,2025-12-23,9.0,UVイデア XL プロテクショントーンアップ ローズ+,ラ ロッシュ ポゼ,2025-12-29,both,up,-1.0,1.0,week2,week3
803,latest_review_top50,,,10265327,25.0,プリズム･リーブル･グロウ･セラム･ファンデーション,ジバンシイ,2025-12-23,32.0,プリズム･リーブル･グロウ･セラム･ファンデーション,ジバンシイ,2025-12-29,both,down,7.0,7.0,week2,week3
803,latest_review_top50,,,10266281,22.0,ライトリフレクティング セラムクッションファンデーション,NARS,2025-12-23,22.0,ライトリフレクティング セラムクッションファンデーション,NARS,2025-12-29,both,same,0.0,0.0,week2,week3
803,latest_review_top50,,,10267338,27.0,プロテクティング プライマー,ポール ＆ ジョー,2025-12-23,28.0,プロテクティング プライマー,ポール ＆ ジョー,2025-12-29,both,down,1.0,1.0,week2,week3
803,latest_review_top50,,,10267502,9.0,エッセンスリキッド ＥＸ,マキアージュ,2025-12-23,10.0,エッセンスリキッド ＥＸ,マキアージュ,2025-12-29,both,down,1.0,1.0,week2,week3
803,latest_review_top50,,,10267574,7.0,エリクシール デーケアレボリューション ブライトニング ＋ ba,エリクシール,2025-12-23,7.0,エリクシール デーケアレボリューション ブライトニング ＋ ba,エリクシール,2025-12-29,both,same,0.0,0.0,week2,week3
803,latest_review_top50,,,10268836,13.0,ジェノプティクス CC プライマー,SK-II,2025-12-23,13.0,ジェノプティクス CC プライマー,SK-II,2025-12-29,both,same,0.0,0.0,week2,week3
803,latest_review_top50,,,10268965,29.0,プードルトランスパラントｎ Ｍ,クレ・ド・ポー ボーテ,2025-12-23,25.0,プードルトランスパラントｎ Ｍ,クレ・ド・ポー ボーテ,2025-12-29,both,up,-4.0,4.0,week2,week3
803,latest_review_top50,,,10272418,30.0,ライブリースキン ウェアII,KANEBO,2025-12-23,29.0,ライブリースキン ウェアII,KANEBO,2025-12-29,both,up,-1.0,1.0,week2,week3
803,latest_review_top50,,,10275521,32.0,トーンフィルターハイライト,セザンヌ,2025-12-23,34.0,トーンフィルターハイライト,セザンヌ,2025-12-29,both,down,2.0,2.0,week2,week3
803,latest_review_top50,,,10275524,37.0,ブレンドカラーシェーディング,セザンヌ,2025-12-23,37.0,ブレンドカラーシェーディング,セザンヌ,2025-12-29,both,same,0.0,0.0,week2,week3
803,latest_review_top50,,,10275726,23.0,ゼン ウェア パウダーファンデーション,コスメデコルテ,2025-12-23,35.0,ゼン ウェア パウダーファンデーション,コスメデコルテ,2025-12-29,both,down,12.0,12.0,week2,week3
803,latest_review_top50,,,10275735,20.0,エッセンスベース ＥＸ,マキアージュ,2025-12-23,21.0,エッセンスベース ＥＸ,マキアージュ,2025-12-29,both,down,1.0,1.0,week2,week3
803,latest_review_top50,,,10276467,3.0,エッセンス スキンセッティング パウダー,SHISEIDO,2025-12-23,4.0,エッセンス スキンセッティング パウダー,SHISEIDO,2025-12-29,both,down,1.0,1.0,week2,week3
803,latest_review_top50,,,10276493,1.0,カネボウ クリーム イン デイII,KANEBO,2025-12-23,1.0,カネボウ クリーム イン デイII,KANEBO,2025-12-29,both,same,0.0,0.0,week2,week3
803,latest_review_top50,,,10276627,45.0,プリズム・リーブル・プレストパウダー,ジバンシイ,2025-12-23,44.0,プリズム・リーブル・プレストパウダー,ジバンシイ,2025-12-29,both,up,-1.0,1.0,week2,week3
803,latest_review_top50,,,10276759,35.0,エシリアル セラムコンシーラー,エクセル,2025-12-23,38.0,エシリアル セラムコンシーラー,エクセル,2025-12-29,both,down,3.0,3.0,week2,week3
803,latest_review_top50,,,10276764,21.0,エクストラリッチ　セラムインパウダー,エクセル,2025-12-23,20.0,エクストラリッチ　セラムインパウダー,エクセル,2025-12-29,both,up,-1.0,1.0,week2,week3
803,latest_review_top50,,,10277949,24.0,モデリング カラーベース,エレガンス,2025-12-23,23.0,モデリング カラーベース,エレガンス,2025-12-29,both,up,-1.0,1.0,week2,week3
803,pchannel_top3,pchannel,コンビニエンスストア,10175724,2.0,パウダリィファンデーションex,パラドゥ,2025-12-23,3.0,パウダリィファンデーションex,パラドゥ,2025-12-29,both,down,1.0,1.0,week2,week3
803,pchannel_top3,pchannel,コンビニエンスストア,10194609,1.0,メディア　クリームファンデーションN,メディア,2025-12-23,1.0,メディア　クリームファンデーションN,メディア,2025-12-29,both,same,0.0,0.0,week2,week3
803,pchannel_top3,pchannel,コンビニエンスストア,10269210,3.0,レイヤーフィットクッション,hana by hince,2025-12-23,2.0,レイヤーフィットクッション,hana by hince,2025-12-29,both,up,-1.0,1.0,week2,week3
803,pchannel_top3,pchannel,スーパー・ドラッグ,10251452,2.0,メイク キープ ミスト EX ＋,コーセーコスメニエンス,2025-12-23,2.0,メイク キープ ミスト EX ＋,コーセーコスメニエンス,2025-12-29,both,same,0.0,0.0,week2,week3
803,pchannel_top3,pchannel,スーパー・ドラッグ,10267574,1.0,エリクシール デーケアレボリューション ブライトニング ＋ ba,エリクシール,2025-12-23,1.0,エリクシール デーケアレボリューション ブライトニング ＋ ba,エリクシール,2025-12-29,both,same,0.0,0.0,week2,week3
803,pchannel_top3,pchannel,スーパー・ドラッグ,10268090,3.0,ニベアUV ディーププロテクト＆ケア ジェル,ニベア,2025-12-23,3.0,ニベアUV ディーププロテクト＆ケア ジェル,ニベア,2025-12-29,both,same,0.0,0.0,week2,week3
803,pchannel_top3,pchannel,バラエティショップ,10244352,2.0,スポットメンテパウダー,muice,2025-12-23,2.0,スポットメンテパウダー,muice,2025-12-29,both,same,0.0,0.0,week2,week3
803,pchannel_top3,pchannel,バラエティショップ,10265318,1.0,UVイデア XL プロテクショントーンアップ ローズ+,ラ ロッシュ ポゼ,2025-12-23,1.0,UVイデア XL プロテクショントーンアップ ローズ+,ラ ロッシュ ポゼ,2025-12-29,both,same,0.0,0.0,week2,week3
803,pchannel_top3,pchannel,バラエティショップ,10276759,,,,,3.0,エシリアル セラムコンシーラー,エクセル,2025-12-29,right_only,new,,,week2,week3
803,pchannel_top3,pchannel,バラエティショップ,10276764,3.0,エクストラリッチ　セラムインパウダー,エクセル,2025-12-23,,,,,left_only,dropped,,,week2,week3
803,pchannel_top3,pchannel,化粧品専門店,10248076,2.0,ルース パウダー,コスメデコルテ,2025-12-23,2.0,ルース パウダー,コスメデコルテ,2025-12-29,both,same,0.0,0.0,week2,week3
803,pchannel_top3,pchannel,化粧品専門店,10276467,3.0,エッセンス スキンセッティング パウダー,SHISEIDO,2025-12-23,3.0,エッセンス スキンセッティング パウダー,SHISEIDO,2025-12-29,both,same,0.0,0.0,week2,week3
803,pchannel_top3,pchannel,独立店舗・サロン,10054624,3.0,ライトリフレクティングセッティングパウダー プレスト N,NARS,2025-12-23,3.0,ライトリフレクティングセッティングパウダー プレスト N,NARS,2025-12-29,both,same,0.0,0.0,week2,week3
803,pchannel_top3,pchannel,独立店舗・サロン,10268508,1.0,ホワイトショット セラムUV,ホワイトショット,2025-12-23,1.0,ホワイトショット セラムUV,ホワイトショット,2025-12-29,both,same,0.0,0.0,week2,week3
803,pchannel_top3,pchannel,独立店舗・サロン,10269688,2.0,V3 インテリジェント ファンデーション,SPICARE,2025-12-23,2.0,V3 インテリジェント ファンデーション,SPICARE,2025-12-29,both,same,0.0,0.0,week2,week3
803,pchannel_top3,pchannel,訪問販売,10002780,1.0,プレスドパウダー,ローズ,2025-12-23,1.0,プレスドパウダー,ローズ,2025-12-29,both,same,0.0,0.0,week2,week3
803,pchannel_top3,pchannel,訪問販売,10204445,3.0,トーンパーフェクティング パレット,コスメデコルテ,2025-12-23,3.0,トーンパーフェクティング パレット,コスメデコルテ,2025-12-29,both,same,0.0,0.0,week2,week3
803,pchannel_top3,pchannel,訪問販売,10218110,2.0,ウォータフルトーンアップサンクリーム,d'Alba(ダルバ),2025-12-23,2.0,ウォータフルトーンアップサンクリーム,d'Alba(ダルバ),2025-12-29,both,same,0.0,0.0,week2,week3
803,pchannel_top3,pchannel,通販化粧品・コスメ,10188648,2.0,ヴォワールコレクチュールｎ,クレ・ド・ポー ボーテ,2025-12-23,2.0,ヴォワールコレクチュールｎ,クレ・ド・ポー ボーテ,2025-12-29,both,same,0.0,0.0,week2,week3
803,pchannel_top3,pchannel,通販化粧品・コスメ,10268836,1.0,ジェノプティクス CC プライマー,SK-II,2025-12-23,1.0,ジェノプティクス CC プライマー,SK-II,2025-12-29,both,same,0.0,0.0,week2,week3
803,pchannel_top3,pchannel,通販化粧品・コスメ,10276493,,,,,3.0,カネボウ クリーム イン デイII,KANEBO,2025-12-29,right_only,new,,,week2,week3
803,rise_review_top10,,,10218110,7.0,ウォータフルトーンアップサンクリーム,d'Alba(ダルバ),2025-12-23,,,,,left_only,dropped,,,week2,week3
803,rise_review_top10,,,10223795,8.0,ライトリフレクティング プリズマティックパウダー,NARS,2025-12-23,9.0,ライトリフレクティング プリズマティックパウダー,NARS,2025-12-29,both,down,1.0,1.0,week2,week3
803,rise_review_top10,,,10224590,,,,,1.0,ル・レオスールデクラ,クレ・ド・ポー ボーテ,2025-12-29,right_only,new,,,week2,week3
803,rise_review_top10,,,10233450,4.0,ディオールスキン フォーエヴァー スキン コレクト コンシーラー,ディオール,2025-12-23,,,,,left_only,dropped,,,week2,week3
803,rise_review_top10,,,10248076,,,,,7.0,ルース パウダー,コスメデコルテ,2025-12-29,right_only,new,,,week2,week3
803,rise_review_top10,,,10251401,9.0,プードルコンパクトエサンシエルｎ,クレ・ド・ポー ボーテ,2025-12-23,4.0,プードルコンパクトエサンシエルｎ,クレ・ド・ポー ボーテ,2025-12-29,both,up,-5.0,5.0,week2,week3
803,rise_review_top10,,,10255710,5.0,フィックス メイクアップ N,クラランス,2025-12-23,6.0,フィックス メイクアップ N,クラランス,2025-12-29,both,down,1.0,1.0,week2,week3
803,rise_review_top10,,,10257514,10.0,モイスチュアライジング プライマー,ポール ＆ ジョー,2025-12-23,5.0,モイスチュアライジング プライマー,ポール ＆ ジョー,2025-12-29,both,up,-5.0,5.0,week2,week3
803,rise_review_top10,,,10257534,2.0,ライトリフレクティング　トーンアップヴェール,NARS,2025-12-23,,,,,left_only,dropped,,,week2,week3
803,rise_review_top10,,,10261840,,,,,3.0,ラスティングベースモイストC,Chacott COSMETICS(チャコット・コスメティクス),2025-12-29,right_only,new,,,week2,week3
803,rise_review_top10,,,10265318,,,,,8.0,UVイデア XL プロテクショントーンアップ ローズ+,ラ ロッシュ ポゼ,2025-12-29,right_only,new,,,week2,week3
803,rise_review_top10,,,10268836,6.0,ジェノプティクス CC プライマー,SK-II,2025-12-23,,,,,left_only,dropped,,,week2,week3
803,rise_review_top10,,,10268965,,,,,2.0,プードルトランスパラントｎ Ｍ,クレ・ド・ポー ボーテ,2025-12-29,right_only,new,,,week2,week3
803,rise_review_top10,,,10272418,3.0,ライブリースキン ウェアII,KANEBO,2025-12-23,,,,,left_only,dropped,,,week2,week3
803,rise_review_top10,,,10276764,,,,,10.0,エクストラリッチ　セラムインパウダー,エクセル,2025-12-29,right_only,new,,,week2,week3
803,rise_review_top10,,,10277949,1.0,モデリング カラーベース,エレガンス,2025-12-23,,,,,left_only,dropped,,,week2,week3
803,skin_top3,skin,アトピー,10188648,1.0,ヴォワールコレクチュールｎ,クレ・ド・ポー ボーテ,2025-12-23,1.0,ヴォワールコレクチュールｎ,クレ・ド・ポー ボーテ,2025-12-29,both,same,0.0,0.0,week2,week3
803,skin_top3,skin,アトピー,10251452,2.0,メイク キープ ミスト EX ＋,コーセーコスメニエンス,2025-12-23,2.0,メイク キープ ミスト EX ＋,コーセーコスメニエンス,2025-12-29,both,same,0.0,0.0,week2,week3
803,skin_top3,skin,アトピー,10276493,3.0,カネボウ クリーム イン デイII,KANEBO,2025-12-23,3.0,カネボウ クリーム イン デイII,KANEBO,2025-12-29,both,same,0.0,0.0,week2,week3
803,skin_top3,skin,敏感肌,10054624,3.0,ライトリフレクティングセッティングパウダー プレスト N,NARS,2025-12-23,,,,,left_only,dropped,,,week2,week3
803,skin_top3,skin,敏感肌,10248076,2.0,ルース パウダー,コスメデコルテ,2025-12-23,2.0,ルース パウダー,コスメデコルテ,2025-12-29,both,same,0.0,0.0,week2,week3
803,skin_top3,skin,脂性肌,10054624,,,,,3.0,ライトリフレクティングセッティングパウダー プレスト N,NARS,2025-12-29,right_only,new,,,week2,week3
904,age_top3,age,10代,10248879,,,,,3.0,バランスフル シカ マスク,Torriden (トリデン),2025-12-29,right_only,new,,,week2,week3
904,age_top3,age,10代,10262248,3.0,ルルルン ハイドラ AZ マスク,ルルルン,2025-12-23,,,,,left_only,dropped,,,week2,week3
904,age_top3,age,20代前半,10210539,2.0,ダイブイン マスク,Torriden (トリデン),2025-12-23,2.0,ダイブイン マスク,Torriden (トリデン),2025-12-29,both,same,0.0,0.0,week2,week3
904,age_top3,age,20代前半,10268909,3.0,アゼライン酸15インテンスカーミングセラムマスク,Anua,2025-12-23,,,,,left_only,dropped,,,week2,week3
904,age_top3,age,30代前半,10245884,3.0,ルルルン ハイドラ EX マスク,ルルルン,2025-12-23,3.0,ルルルン ハイドラ EX マスク,ルルルン,2025-12-29,both,same,0.0,0.0,week2,week3
904,age_top3,age,30代後半,10270821,2.0,ポアクリア スクラブ ウォッシュ,ONE BY KOSE,2025-12-23,3.0,ポアクリア スクラブ ウォッシュ,ONE BY KOSE,2025-12-29,both,down,1.0,1.0,week2,week3
904,age_top3,age,50代〜,2877405,2.0,タカミスキンピール,タカミ,2025-12-23,2.0,タカミスキンピール,タカミ,2025-12-29,both,same,0.0,0.0,week2,week3
904,age_top3,age,50代〜,10257456,3.0,ABC-Gピールウォッシュ,ドクターケイ,2025-12-23,3.0,ABC-Gピールウォッシュ,ドクターケイ,2025-12-29,both,same,0.0,0.0,week2,week3
904,age_top3,age,50代〜,10270653,1.0,PDRN100ヒアルロン酸セラムマスク,Anua,2025-12-23,1.0,PDRN100ヒアルロン酸セラムマスク,Anua,2025-12-29,both,same,0.0,0.0,week2,week3
904,latest_review_top50,,,4666,13.0,ベーシッククリーム,シェルクルール,2025-12-23,11.0,ベーシッククリーム,シェルクルール,2025-12-29,both,up,-2.0,2.0,week2,week3
904,latest_review_top50,,,2877405,4.0,タカミスキンピール,タカミ,2025-12-23,4.0,タカミスキンピール,タカミ,2025-12-29,both,same,0.0,0.0,week2,week3
904,latest_review_top50,,,2954561,41.0,アンブリオリス モイスチャークリーム,アンブリオリス,2025-12-23,36.0,アンブリオリス モイスチャークリーム,アンブリオリス,2025-12-29,both,up,-5.0,5.0,week2,week3
904,latest_review_top50,,,10067406,9.0,RMK Wトリートメントオイル,RMK,2025-12-23,8.0,RMK Wトリートメントオイル,RMK,2025-12-29,both,up,-1.0,1.0,week2,week3
904,latest_review_top50,,,10135460,44.0,ネイチャーコンク 薬用 クリアローション,ナリスアップ,2025-12-23,42.0,ネイチャーコンク 薬用 クリアローション,ナリスアップ,2025-12-29,both,up,-2.0,2.0,week2,week3
904,latest_review_top50,,,10157926,17.0,プリム ラテ マスク,コスメデコルテ,2025-12-23,19.0,プリム ラテ マスク,コスメデコルテ,2025-12-29,both,down,2.0,2.0,week2,week3
904,latest_review_top50,,,10168282,11.0,エリクシール ルフレ バランシング おやすみマスク,エリクシール,2025-12-23,12.0,エリクシール ルフレ バランシング おやすみマスク,エリクシール,2025-12-29,both,down,1.0,1.0,week2,week3
904,latest_review_top50,,,10189359,,,,,50.0,CICA デイリースージングマスク,VT(ブイティー),2025-12-29,right_only,new,,,week2,week3
904,latest_review_top50,,,10203718,10.0,リセットクリア N,ベネフィーク,2025-12-23,10.0,リセットクリア N,ベネフィーク,2025-12-29,both,same,0.0,0.0,week2,week3
904,latest_review_top50,,,10209516,50.0,潤浸保湿 モイストリペアシートマスク,キュレル,2025-12-23,,,,,left_only,dropped,,,week2,week3
904,latest_review_top50,,,10210539,7.0,ダイブイン マスク,Torriden (トリデン),2025-12-23,6.0,ダイブイン マスク,Torriden (トリデン),2025-12-29,both,up,-1.0,1.0,week2,week3
904,latest_review_top50,,,10211888,48.0,ごめんね素肌マスク,クリアターン,2025-12-23,48.0,ごめんね素肌マスク,クリアターン,2025-12-29,both,same,0.0,0.0,week2,week3
904,latest_review_top50,,,10217156,28.0,エファクラ ピールケア セラム,ラ ロッシュ ポゼ,2025-12-23,27.0,エファクラ ピールケア セラム,ラ ロッシュ ポゼ,2025-12-29,both,up,-1.0,1.0,week2,week3
904,latest_review_top50,,,10218111,42.0,ホワイトトリュフナリシングトリートメントマスク,d'Alba(ダルバ),2025-12-23,41.0,ホワイトトリュフナリシングトリートメントマスク,d'Alba(ダルバ),2025-12-29,both,up,-1.0,1.0,week2,week3
904,latest_review_top50,,,10218748,32.0,ダーマレーザー スーパー VC100 マスク,ダーマレーザー,2025-12-23,34.0,ダーマレーザー スーパー VC100 マスク,ダーマレーザー,2025-12-29,both,down,2.0,2.0,week2,week3
904,latest_review_top50,,,10221176,34.0,ポア クリアリング ジェル ウォッシュ,SOFINA iP,2025-12-23,31.0,ポア クリアリング ジェル ウォッシュ,SOFINA iP,2025-12-29,both,up,-3.0,3.0,week2,week3
904,latest_review_top50,,,10229245,27.0,フェイススクラブ,HAP＋R(ハップアール),2025-12-23,33.0,フェイススクラブ,HAP＋R(ハップアール),2025-12-29,both,down,6.0,6.0,week2,week3
904,latest_review_top50,,,10231699,19.0,ウォンジョンヨ モイストアップレディスキンパック,Wonjungyo,2025-12-23,28.0,ウォンジョンヨ モイストアップレディスキンパック,Wonjungyo,2025-12-29,both,down,9.0,9.0,week2,week3
904,latest_review_top50,,,10232175,46.0,ルルルン ハイドラ V マスク,ルルルン,2025-12-23,,,,,left_only,dropped,,,week2,week3
904,latest_review_top50,,,10241917,25.0,オルビスユー ドット フォーミングウォッシュ,オルビス,2025-12-23,22.0,オルビスユー ドット フォーミングウォッシュ,オルビス,2025-12-29,both,up,-3.0,3.0,week2,week3
904,latest_review_top50,,,10242256,26.0,薬用ナイトパック,イハダ,2025-12-23,23.0,薬用ナイトパック,イハダ,2025-12-29,both,up,-3.0,3.0,week2,week3
904,latest_review_top50,,,10243936,24.0,ウォンジョンヨ モイストアップレディスキンパック DM,Wonjungyo,2025-12-23,29.0,ウォンジョンヨ モイストアップレディスキンパック DM,Wonjungyo,2025-12-29,both,down,5.0,5.0,week2,week3
904,latest_review_top50,,,10245505,47.0,ルルルンピュア エブリーズ,ルルルン,2025-12-23,49.0,ルルルンピュア エブリーズ,ルルルン,2025-12-29,both,down,2.0,2.0,week2,week3
904,latest_review_top50,,,10245884,5.0,ルルルン ハイドラ EX マスク,ルルルン,2025-12-23,5.0,ルルルン ハイドラ EX マスク,ルルルン,2025-12-29,both,same,0.0,0.0,week2,week3
904,latest_review_top50,,,10248879,43.0,バランスフル シカ マスク,Torriden (トリデン),2025-12-23,46.0,バランスフル シカ マスク,Torriden (トリデン),2025-12-29,both,down,3.0,3.0,week2,week3
904,latest_review_top50,,,10251887,18.0,桃70ナイアシンセラムマスク,Anua,2025-12-23,21.0,桃70ナイアシンセラムマスク,Anua,2025-12-29,both,down,3.0,3.0,week2,week3
904,latest_review_top50,,,10256630,22.0,セルメイジング ビタC ブライトニング マスク,Torriden (トリデン),2025-12-23,17.0,セルメイジング ビタC ブライトニング マスク,Torriden (トリデン),2025-12-29,both,up,-5.0,5.0,week2,week3
904,latest_review_top50,,,10257456,2.0,ABC-Gピールウォッシュ,ドクターケイ,2025-12-23,2.0,ABC-Gピールウォッシュ,ドクターケイ,2025-12-29,both,same,0.0,0.0,week2,week3
904,latest_review_top50,,,10259871,35.0,プレミアムパーフェクトホイップ クリア,SENKA(センカ),2025-12-23,38.0,プレミアムパーフェクトホイップ クリア,SENKA(センカ),2025-12-29,both,down,3.0,3.0,week2,week3
904,latest_review_top50,,,10260664,21.0,ドクダミ77スージングトナーシカエキソソームマスク,Anua,2025-12-23,30.0,ドクダミ77スージングトナーシカエキソソームマスク,Anua,2025-12-29,both,down,9.0,9.0,week2,week3
904,latest_review_top50,,,10262248,12.0,ルルルン ハイドラ AZ マスク,ルルルン,2025-12-23,15.0,ルルルン ハイドラ AZ マスク,ルルルン,2025-12-29,both,down,3.0,3.0,week2,week3
904,latest_review_top50,,,10267492,8.0,Basic スージング クレンジングジェル,Ｎ organic(エヌオーガニック),2025-12-23,9.0,Basic スージング クレンジングジェル,Ｎ organic(エヌオーガニック),2025-12-29,both,down,1.0,1.0,week2,week3
904,latest_review_top50,,,10268909,14.0,アゼライン酸15インテンスカーミングセラムマスク,Anua,2025-12-23,16.0,アゼライン酸15インテンスカーミングセラムマスク,Anua,2025-12-29,both,down,2.0,2.0,week2,week3
904,latest_review_top50,,,10268910,39.0,ライス70 発酵保湿マスクパック,Anua,2025-12-23,37.0,ライス70 発酵保湿マスクパック,Anua,2025-12-29,both,up,-2.0,2.0,week2,week3
904,latest_review_top50,,,10269800,49.0,マデカッソシドエッセンシャルマスクブレミッシュリペア,MEDIHEAL(メディヒール),2025-12-23,45.0,マデカッソシドエッセンシャルマスクブレミッシュリペア,MEDIHEAL(メディヒール),2025-12-29,both,up,-4.0,4.0,week2,week3
904,latest_review_top50,,,10270253,30.0,水光ピーリング泡セラム,SOFINA iP,2025-12-23,32.0,水光ピーリング泡セラム,SOFINA iP,2025-12-29,both,down,2.0,2.0,week2,week3
904,latest_review_top50,,,10270653,1.0,PDRN100ヒアルロン酸セラムマスク,Anua,2025-12-23,1.0,PDRN100ヒアルロン酸セラムマスク,Anua,2025-12-29,both,same,0.0,0.0,week2,week3
904,latest_review_top50,,,10270821,6.0,ポアクリア スクラブ ウォッシュ,ONE BY KOSE,2025-12-23,7.0,ポアクリア スクラブ ウォッシュ,ONE BY KOSE,2025-12-29,both,down,1.0,1.0,week2,week3
904,latest_review_top50,,,10271260,40.0,PDRNピンクビタコーティングマスク,MEDICUBE(メディキューブ),2025-12-23,43.0,PDRNピンクビタコーティングマスク,MEDICUBE(メディキューブ),2025-12-29,both,down,3.0,3.0,week2,week3
904,latest_review_top50,,,10273422,37.0,フェイスポリッシャー リフレッシング,SABON(サボン),2025-12-23,40.0,フェイスポリッシャー リフレッシング,SABON(サボン),2025-12-29,both,down,3.0,3.0,week2,week3
904,latest_review_top50,,,10273436,15.0,ルルルン オーラブライトマスク W,ルルルン,2025-12-23,24.0,ルルルン オーラブライトマスク W,ルルルン,2025-12-29,both,down,9.0,9.0,week2,week3
904,latest_review_top50,,,10278033,20.0,レチノール0.3ナイアシンナイトケアマスク,Anua,2025-12-23,20.0,レチノール0.3ナイアシンナイトケアマスク,Anua,2025-12-29,both,same,0.0,0.0,week2,week3
904,latest_review_top50,,,10278882,23.0,ピュレア カフェインリフトエッセンスマスク,ピュレア,2025-12-23,18.0,ピュレア カフェインリフトエッセンスマスク,ピュレア,2025-12-29,both,up,-5.0,5.0,week2,week3
904,latest_review_top50,,,10278883,33.0,ピュレア ホワイトライスエッセンスマスク,ピュレア,2025-12-23,26.0,ピュレア ホワイトライスエッセンスマスク,ピュレア,2025-12-29,both,up,-7.0,7.0,week2,week3
904,latest_review_top50,,,10278884,45.0,ピュレア　レッドグロウエッセンスマスク,ピュレア,2025-12-23,47.0,ピュレア　レッドグロウエッセンスマスク,ピュレア,2025-12-29,both,down,2.0,2.0,week2,week3
904,latest_review_top50,,,10279149,38.0,PDRNヒアルロン酸セラムデイリーマスク,Anua,2025-12-23,39.0,PDRNヒアルロン酸セラムデイリーマスク,Anua,2025-12-29,both,down,1.0,1.0,week2,week3
904,latest_review_top50,,,10280839,3.0,ルルルン ハイドラ PD マスク,ルルルン,2025-12-23,3.0,ルルルン ハイドラ PD マスク,ルルルン,2025-12-29,both,same,0.0,0.0,week2,week3
904,latest_review_top50,,,10281124,29.0,モイスチャライジング クレンジングバーム,CLAYGE(クレージュ),2025-12-23,25.0,モイスチャライジング クレンジングバーム,CLAYGE(クレージュ),2025-12-29,both,up,-4.0,4.0,week2,week3
904,latest_review_top50,,,10281314,36.0,ドクタールルルン リチューニング セラム マスク（透明水膜）,ルルルン,2025-12-23,35.0,ドクタールルルン リチューニング セラム マスク（透明水膜）,ルルルン,2025-12-29,both,up,-1.0,1.0,week2,week3
904,latest_review_top50,,,10282253,16.0,ビタミン10ポアストリクスセラムマスク,Anua,2025-12-23,14.0,ビタミン10ポアストリクスセラムマスク,Anua,2025-12-29,both,up,-2.0,2.0,week2,week3
904,latest_review_top50,,,10284151,31.0,ルルルンプレシャス GREEN（Glow Up）,ルルルン,2025-12-23,13.0,ルルルンプレシャス GREEN（Glow Up）,ルルルン,2025-12-29,both,up,-18.0,18.0,week2,week3
904,latest_review_top50,,,10284152,,,,,44.0,ルルルンプレシャス RED（三層保湿）,ルルルン,2025-12-29,right_only,new,,,week2,week3
904,pchannel_top3,pchannel,コンビニエンスストア,10189359,3.0,CICA デイリースージングマスク,VT(ブイティー),2025-12-23,,,,,left_only,dropped,,,week2,week3
904,pchannel_top3,pchannel,コンビニエンスストア,10197971,,,,,3.0,ガラクエッセンスシートマスク,manyo,2025-12-29,right_only,new,,,week2,week3
904,pchannel_top3,pchannel,コンビニエンスストア,10210539,1.0,ダイブイン マスク,Torriden (トリデン),2025-12-23,2.0,ダイブイン マスク,Torriden (トリデン),2025-12-29,both,down,1.0,1.0,week2,week3
904,pchannel_top3,pchannel,コンビニエンスストア,10256630,2.0,セルメイジング ビタC ブライトニング マスク,Torriden (トリデン),2025-12-23,1.0,セルメイジング ビタC ブライトニング マスク,Torriden (トリデン),2025-12-29,both,up,-1.0,1.0,week2,week3
904,pchannel_top3,pchannel,スーパー・ドラッグ,10262248,2.0,ルルルン ハイドラ AZ マスク,ルルルン,2025-12-23,,,,,left_only,dropped,,,week2,week3
904,pchannel_top3,pchannel,デパート,829,2.0,フェイシャル トリートメント マスク,SK-II,2025-12-23,2.0,フェイシャル トリートメント マスク,SK-II,2025-12-29,both,same,0.0,0.0,week2,week3
904,pchannel_top3,pchannel,デパート,10209187,3.0,プレステージ ル ゴマージュ,ディオール,2025-12-23,3.0,プレステージ ル ゴマージュ,ディオール,2025-12-29,both,same,0.0,0.0,week2,week3
904,pchannel_top3,pchannel,バラエティショップ,10245884,3.0,ルルルン ハイドラ EX マスク,ルルルン,2025-12-23,3.0,ルルルン ハイドラ EX マスク,ルルルン,2025-12-29,both,same,0.0,0.0,week2,week3
904,pchannel_top3,pchannel,化粧品専門店,4666,2.0,ベーシッククリーム,シェルクルール,2025-12-23,2.0,ベーシッククリーム,シェルクルール,2025-12-29,both,same,0.0,0.0,week2,week3
904,pchannel_top3,pchannel,化粧品専門店,10203718,1.0,リセットクリア N,ベネフィーク,2025-12-23,1.0,リセットクリア N,ベネフィーク,2025-12-29,both,same,0.0,0.0,week2,week3
904,pchannel_top3,pchannel,独立店舗・サロン,10120783,1.0,エクスフォリエーティング ポリッシュ,ゼオスキンへルス,2025-12-23,1.0,エクスフォリエーティング ポリッシュ,ゼオスキンへルス,2025-12-29,both,same,0.0,0.0,week2,week3
904,pchannel_top3,pchannel,独立店舗・サロン,10222953,2.0,ホワイトマリンクレイ洗顔石鹸,Sui Savon −首里石鹸−,2025-12-23,,,,,left_only,dropped,,,week2,week3
904,pchannel_top3,pchannel,独立店舗・サロン,10231693,,,,,3.0,ホワイトショット マスク QXS,ホワイトショット,2025-12-29,right_only,new,,,week2,week3
904,pchannel_top3,pchannel,独立店舗・サロン,10241917,3.0,オルビスユー ドット フォーミングウォッシュ,オルビス,2025-12-23,2.0,オルビスユー ドット フォーミングウォッシュ,オルビス,2025-12-29,both,up,-1.0,1.0,week2,week3
904,pchannel_top3,pchannel,訪問販売,10067406,1.0,RMK Wトリートメントオイル,RMK,2025-12-23,1.0,RMK Wトリートメントオイル,RMK,2025-12-29,both,same,0.0,0.0,week2,week3
904,pchannel_top3,pchannel,訪問販売,10270821,3.0,ポアクリア スクラブ ウォッシュ,ONE BY KOSE,2025-12-23,3.0,ポアクリア スクラブ ウォッシュ,ONE BY KOSE,2025-12-29,both,same,0.0,0.0,week2,week3
904,pchannel_top3,pchannel,訪問販売,10281043,2.0,ソルベジェルクリーム<保湿ジェルクリーム＞,CLUB Cosmetics,2025-12-23,2.0,ソルベジェルクリーム<保湿ジェルクリーム＞,CLUB Cosmetics,2025-12-29,both,same,0.0,0.0,week2,week3
904,pchannel_top3,pchannel,通販化粧品・コスメ,2877405,2.0,タカミスキンピール,タカミ,2025-12-23,3.0,タカミスキンピール,タカミ,2025-12-29,both,down,1.0,1.0,week2,week3
904,pchannel_top3,pchannel,通販化粧品・コスメ,10257456,1.0,ABC-Gピールウォッシュ,ドクターケイ,2025-12-23,1.0,ABC-Gピールウォッシュ,ドクターケイ,2025-12-29,both,same,0.0,0.0,week2,week3
904,pchannel_top3,pchannel,通販化粧品・コスメ,10270653,3.0,PDRN100ヒアルロン酸セラムマスク,Anua,2025-12-23,2.0,PDRN100ヒアルロン酸セラムマスク,Anua,2025-12-29,both,up,-1.0,1.0,week2,week3
904,rise_review_top10,,,4666,,,,,8.0,ベーシッククリーム,シェルクルール,2025-12-29,right_only,new,,,week2,week3
904,rise_review_top10,,,10168282,5.0,エリクシール ルフレ バランシング おやすみマスク,エリクシール,2025-12-23,,,,,left_only,dropped,,,week2,week3
904,rise_review_top10,,,10210539,,,,,10.0,ダイブイン マスク,Torriden (トリデン),2025-12-29,right_only,new,,,week2,week3
904,rise_review_top10,,,10229245,7.0,フェイススクラブ,HAP＋R(ハップアール),2025-12-23,,,,,left_only,dropped,,,week2,week3
904,rise_review_top10,,,10241917,2.0,オルビスユー ドット フォーミングウォッシュ,オルビス,2025-12-23,6.0,オルビスユー ドット フォーミングウォッシュ,オルビス,2025-12-29,both,down,4.0,4.0,week2,week3
904,rise_review_top10,,,10242256,3.0,薬用ナイトパック,イハダ,2025-12-23,7.0,薬用ナイトパック,イハダ,2025-12-29,both,down,4.0,4.0,week2,week3
904,rise_review_top10,,,10243936,6.0,ウォンジョンヨ モイストアップレディスキンパック DM,Wonjungyo,2025-12-23,,,,,left_only,dropped,,,week2,week3
904,rise_review_top10,,,10251887,4.0,桃70ナイアシンセラムマスク,Anua,2025-12-23,,,,,left_only,dropped,,,week2,week3
904,rise_review_top10,,,10256630,,,,,3.0,セルメイジング ビタC ブライトニング マスク,Torriden (トリデン),2025-12-29,right_only,new,,,week2,week3
904,rise_review_top10,,,10257456,8.0,ABC-Gピールウォッシュ,ドクターケイ,2025-12-23,,,,,left_only,dropped,,,week2,week3
904,rise_review_top10,,,10267492,10.0,Basic スージング クレンジングジェル,Ｎ organic(エヌオーガニック),2025-12-23,,,,,left_only,dropped,,,week2,week3
904,rise_review_top10,,,10278882,9.0,ピュレア カフェインリフトエッセンスマスク,ピュレア,2025-12-23,4.0,ピュレア カフェインリフトエッセンスマスク,ピュレア,2025-12-29,both,up,-5.0,5.0,week2,week3
904,rise_review_top10,,,10278883,,,,,2.0,ピュレア ホワイトライスエッセンスマスク,ピュレア,2025-12-29,right_only,new,,,week2,week3
904,rise_review_top10,,,10281124,,,,,5.0,モイスチャライジング クレンジングバーム,CLAYGE(クレージュ),2025-12-29,right_only,new,,,week2,week3
904,rise_review_top10,,,10282253,1.0,ビタミン10ポアストリクスセラムマスク,Anua,2025-12-23,9.0,ビタミン10ポアストリクスセラムマスク,Anua,2025-12-29,both,down,8.0,8.0,week2,week3
904,rise_review_top10,,,10284151,,,,,1.0,ルルルンプレシャス GREEN（Glow Up）,ルルルン,2025-12-29,right_only,new,,,week2,week3
904,skin_top3,skin,アトピー,10067406,2.0,RMK Wトリートメントオイル,RMK,2025-12-23,2.0,RMK Wトリートメントオイル,RMK,2025-12-29,both,same,0.0,0.0,week2,week3
904,skin_top3,skin,アトピー,10245884,3.0,ルルルン ハイドラ EX マスク,ルルルン,2025-12-23,3.0,ルルルン ハイドラ EX マスク,ルルルン,2025-12-29,both,same,0.0,0.0,week2,week3
904,skin_top3,skin,アトピー,10270653,1.0,PDRN100ヒアルロン酸セラムマスク,Anua,2025-12-23,1.0,PDRN100ヒアルロン酸セラムマスク,Anua,2025-12-29,both,same,0.0,0.0,week2,week3
904,skin_top3,skin,敏感肌,2877405,3.0,タカミスキンピール,タカミ,2025-12-23,3.0,タカミスキンピール,タカミ,2025-12-29,both,same,0.0,0.0,week2,week3
904,skin_top3,skin,敏感肌,10267492,2.0,Basic スージング クレンジングジェル,Ｎ organic(エヌオーガニック),2025-12-23,2.0,Basic スージング クレンジングジェル,Ｎ organic(エヌオーガニック),2025-12-29,both,same,0.0,0.0,week2,week3
904,skin_top3,skin,混合肌,10257456,2.0,ABC-Gピールウォッシュ,ドクターケイ,2025-12-23,2.0,ABC-Gピールウォッシュ,ドクターケイ,2025-12-29,both,same,0.0,0.0,week2,week3
904,skin_top3,skin,混合肌,10270821,3.0,ポアクリア スクラブ ウォッシュ,ONE BY KOSE,2025-12-23,3.0,ポアクリア スクラブ ウォッシュ,ONE BY KOSE,2025-12-29,both,same,0.0,0.0,week2,week3
ALL,products_top100,,,293354,33.0,潤浸保湿フェイスクリーム,キュレル,2025-12-23,53.0,潤浸保湿フェイスクリーム,キュレル,2025-12-29,both,down,20.0,20.0,week2,week3
ALL,products_top100,,,2893546,35.0,フェイシャル トリートメント エッセンス,SK-II,2025-12-23,39.0,フェイシャル トリートメント エッセンス,SK-II,2025-12-29,both,down,4.0,4.0,week2,week3
ALL,products_top100,,,10009307,95.0,モロッカンオイル トリートメント,モロッカンオイル,2025-12-23,85.0,モロッカンオイル トリートメント,モロッカンオイル,2025-12-29,both,up,-10.0,10.0,week2,week3
ALL,products_top100,,,10029390,27.0,エッセンスインヘアミルク,オルビス,2025-12-23,22.0,エッセンスインヘアミルク,オルビス,2025-12-29,both,up,-5.0,5.0,week2,week3
ALL,products_top100,,,10034083,75.0,@cosme STOREが作ったミカエルのよくばりコットン,@cosme STORE,2025-12-23,63.0,@cosme STOREが作ったミカエルのよくばりコットン,@cosme STORE,2025-12-29,both,up,-12.0,12.0,week2,week3
ALL,products_top100,,,10054624,47.0,ライトリフレクティングセッティングパウダー プレスト N,NARS,2025-12-23,57.0,ライトリフレクティングセッティングパウダー プレスト N,NARS,2025-12-29,both,down,10.0,10.0,week2,week3
ALL,products_top100,,,10067406,61.0,RMK Wトリートメントオイル,RMK,2025-12-23,,,,,left_only,dropped,,,week2,week3
ALL,products_top100,,,10124096,12.0,スピーディーマスカラリムーバー,ヒロインメイク,2025-12-23,17.0,スピーディーマスカラリムーバー,ヒロインメイク,2025-12-29,both,down,5.0,5.0,week2,week3
ALL,products_top100,,,10128635,,,,,94.0,デザイニングアイブロウ3D,ケイト,2025-12-29,right_only,new,,,week2,week3
ALL,products_top100,,,10143798,52.0,レブロン キス シュガー スクラブ,レブロン,2025-12-23,55.0,レブロン キス シュガー スクラブ,レブロン,2025-12-29,both,down,3.0,3.0,week2,week3
ALL,products_top100,,,10146071,8.0,超細芯アイブロウ,セザンヌ,2025-12-23,5.0,超細芯アイブロウ,セザンヌ,2025-12-29,both,up,-3.0,3.0,week2,week3
ALL,products_top100,,,10147158,10.0,クリーミータッチライナー,キャンメイク,2025-12-23,9.0,クリーミータッチライナー,キャンメイク,2025-12-29,both,up,-1.0,1.0,week2,week3
ALL,products_top100,,,10151191,38.0,塗るつけまつげ　自まつげ際立てタイプ,デジャヴュ,2025-12-23,59.0,塗るつけまつげ　自まつげ際立てタイプ,デジャヴュ,2025-12-29,both,down,21.0,21.0,week2,week3
ALL,products_top100,,,10162587,58.0,エテュセ　リップエッセンス　ホット,エテュセ,2025-12-23,74.0,エテュセ　リップエッセンス　ホット,エテュセ,2025-12-29,both,down,16.0,16.0,week2,week3
ALL,products_top100,,,10181425,53.0,エッセンスイン クレンジングフォーム,d プログラム,2025-12-23,47.0,エッセンスイン クレンジングフォーム,d プログラム,2025-12-29,both,up,-6.0,6.0,week2,week3
ALL,products_top100,,,10188648,2.0,ヴォワールコレクチュールｎ,クレ・ド・ポー ボーテ,2025-12-23,7.0,ヴォワールコレクチュールｎ,クレ・ド・ポー ボーテ,2025-12-29,both,down,5.0,5.0,week2,week3
ALL,products_top100,,,10189923,45.0,ディープモイスチャースプレー,キュレル,2025-12-23,43.0,ディープモイスチャースプレー,キュレル,2025-12-29,both,up,-2.0,2.0,week2,week3
ALL,products_top100,,,10193873,92.0,プライムリキッドアイライナー リッチキープ,ヒロインメイク,2025-12-23,60.0,プライムリキッドアイライナー リッチキープ,ヒロインメイク,2025-12-29,both,up,-32.0,32.0,week2,week3
ALL,products_top100,,,10195129,22.0,メディテーションバスt,アユーラ,2025-12-23,28.0,メディテーションバスt,アユーラ,2025-12-29,both,down,6.0,6.0,week2,week3
ALL,products_top100,,,10201834,42.0,シグニチャー カラー アイズ,SUQQU(スック),2025-12-23,32.0,シグニチャー カラー アイズ,SUQQU(スック),2025-12-29,both,up,-10.0,10.0,week2,week3
ALL,products_top100,,,10202914,18.0,ホワイトトリュフファーストスプレーセラム,d'Alba(ダルバ),2025-12-23,25.0,ホワイトトリュフファーストスプレーセラム,d'Alba(ダルバ),2025-12-29,both,down,7.0,7.0,week2,week3
ALL,products_top100,,,10203762,20.0,カネボウ スクラビング マッド ウォッシュ,KANEBO,2025-12-23,23.0,カネボウ スクラビング マッド ウォッシュ,KANEBO,2025-12-29,both,down,3.0,3.0,week2,week3
ALL,products_top100,,,10206485,37.0,リップモンスター,ケイト,2025-12-23,27.0,リップモンスター,ケイト,2025-12-29,both,up,-10.0,10.0,week2,week3
ALL,products_top100,,,10209809,19.0,リポソーム アドバンスト リペアセラム,コスメデコルテ,2025-12-23,30.0,リポソーム アドバンスト リペアセラム,コスメデコルテ,2025-12-29,both,down,11.0,11.0,week2,week3
ALL,products_top100,,,10210539,83.0,ダイブイン マスク,Torriden (トリデン),2025-12-23,86.0,ダイブイン マスク,Torriden (トリデン),2025-12-29,both,down,3.0,3.0,week2,week3
ALL,products_top100,,,10212986,50.0,マイルドクレンジング オイル,ファンケル,2025-12-23,44.0,マイルドクレンジング オイル,ファンケル,2025-12-29,both,up,-6.0,6.0,week2,week3
ALL,products_top100,,,10223795,,,,,100.0,ライトリフレクティング プリズマティックパウダー,NARS,2025-12-29,right_only,new,,,week2,week3
ALL,products_top100,,,10225645,59.0,リポソーム アドバンスト リペアクリーム,コスメデコルテ,2025-12-23,83.0,リポソーム アドバンスト リペアクリーム,コスメデコルテ,2025-12-29,both,down,24.0,24.0,week2,week3
ALL,products_top100,,,10227126,26.0,キュレル バスタイム モイストバリアクリーム,キュレル,2025-12-23,36.0,キュレル バスタイム モイストバリアクリーム,キュレル,2025-12-29,both,down,10.0,10.0,week2,week3
ALL,products_top100,,,10227673,65.0,AQ ブースティング トリートメント ヘアセラム,コスメデコルテ,2025-12-23,58.0,AQ ブースティング トリートメント ヘアセラム,コスメデコルテ,2025-12-29,both,up,-7.0,7.0,week2,week3
ALL,products_top100,,,10228908,41.0,ウォンジョンヨ ヌードアイラッシュ,Wonjungyo,2025-12-23,91.0,ウォンジョンヨ ヌードアイラッシュ,Wonjungyo,2025-12-29,both,down,50.0,50.0,week2,week3
ALL,products_top100,,,10233450,54.0,ディオールスキン フォーエヴァー スキン コレクト コンシーラー,ディオール,2025-12-23,51.0,ディオールスキン フォーエヴァー スキン コレクト コンシーラー,ディオール,2025-12-29,both,up,-3.0,3.0,week2,week3
ALL,products_top100,,,10233483,80.0,ディオール アディクト リップ マキシマイザー,ディオール,2025-12-23,79.0,ディオール アディクト リップ マキシマイザー,ディオール,2025-12-29,both,up,-1.0,1.0,week2,week3
ALL,products_top100,,,10234175,,,,,84.0,サンシェルター マルチ プロテクション トーンアップCC,コスメデコルテ,2025-12-29,right_only,new,,,week2,week3
ALL,products_top100,,,10235626,28.0,ハンオールブロウカラ,rom&nd,2025-12-23,40.0,ハンオールブロウカラ,rom&nd,2025-12-29,both,down,12.0,12.0,week2,week3
ALL,products_top100,,,10236575,,,,,78.0,フジコ マジカルアイブロウカラー,Fujiko（フジコ）,2025-12-29,right_only,new,,,week2,week3
ALL,products_top100,,,10237751,84.0,ポアクリア オイル,ONE BY KOSE,2025-12-23,82.0,ポアクリア オイル,ONE BY KOSE,2025-12-29,both,up,-2.0,2.0,week2,week3
ALL,products_top100,,,10239434,34.0,チークブラッシュ,セザンヌ,2025-12-23,41.0,チークブラッシュ,セザンヌ,2025-12-29,both,down,7.0,7.0,week2,week3
ALL,products_top100,,,10240557,29.0,セラム シールド,ONE BY KOSE,2025-12-23,29.0,セラム シールド,ONE BY KOSE,2025-12-29,both,same,0.0,0.0,week2,week3
ALL,products_top100,,,10240900,86.0,エッセンス スキングロウ ファンデーション,SHISEIDO,2025-12-23,89.0,エッセンス スキングロウ ファンデーション,SHISEIDO,2025-12-29,both,down,3.0,3.0,week2,week3
ALL,products_top100,,,10242325,30.0,アルティム8∞ スブリム ビューティ クレンジング オイルn,シュウ ウエムラ,2025-12-23,35.0,アルティム8∞ スブリム ビューティ クレンジング オイルn,シュウ ウエムラ,2025-12-29,both,down,5.0,5.0,week2,week3
ALL,products_top100,,,10242472,73.0,ヘッドスクラブ リプレニッシング,SABON(サボン),2025-12-23,67.0,ヘッドスクラブ リプレニッシング,SABON(サボン),2025-12-29,both,up,-6.0,6.0,week2,week3
ALL,products_top100,,,10243030,6.0,スキンクリア クレンズ オイル アロマタイプ リフレシングシトラスの香り,アテニア,2025-12-23,8.0,スキンクリア クレンズ オイル アロマタイプ リフレシングシトラスの香り,アテニア,2025-12-29,both,down,2.0,2.0,week2,week3
ALL,products_top100,,,10243404,13.0,マルチファンデパフ ２Ｐ,ロージーローザ,2025-12-23,14.0,マルチファンデパフ ２Ｐ,ロージーローザ,2025-12-29,both,down,1.0,1.0,week2,week3
ALL,products_top100,,,10243898,81.0,角層トリートメント 基礎化粧液,SOFINA iP,2025-12-23,,,,,left_only,dropped,,,week2,week3
ALL,products_top100,,,10245884,79.0,ルルルン ハイドラ EX マスク,ルルルン,2025-12-23,61.0,ルルルン ハイドラ EX マスク,ルルルン,2025-12-29,both,up,-18.0,18.0,week2,week3
ALL,products_top100,,,10248076,9.0,ルース パウダー,コスメデコルテ,2025-12-23,12.0,ルース パウダー,コスメデコルテ,2025-12-29,both,down,3.0,3.0,week2,week3
ALL,products_top100,,,10248146,66.0,モイスチャー グレイズ リップスティック,SUQQU(スック),2025-12-23,76.0,モイスチャー グレイズ リップスティック,SUQQU(スック),2025-12-29,both,down,10.0,10.0,week2,week3
ALL,products_top100,,,10248398,64.0,ポッピングシルエットシャドウ,ケイト,2025-12-23,92.0,ポッピングシルエットシャドウ,ケイト,2025-12-29,both,down,28.0,28.0,week2,week3
ALL,products_top100,,,10251401,90.0,プードルコンパクトエサンシエルｎ,クレ・ド・ポー ボーテ,2025-12-23,98.0,プードルコンパクトエサンシエルｎ,クレ・ド・ポー ボーテ,2025-12-29,both,down,8.0,8.0,week2,week3
ALL,products_top100,,,10251452,48.0,メイク キープ ミスト EX ＋,コーセーコスメニエンス,2025-12-23,34.0,メイク キープ ミスト EX ＋,コーセーコスメニエンス,2025-12-29,both,up,-14.0,14.0,week2,week3
ALL,products_top100,,,10251566,91.0,プロバイオダーム(TM)　3Dリフティングクリーム,BIOHEAL BOH,2025-12-23,,,,,left_only,dropped,,,week2,week3
ALL,products_top100,,,10251821,5.0,RMK デューイーメルト リップカラー,RMK,2025-12-23,6.0,RMK デューイーメルト リップカラー,RMK,2025-12-29,both,down,1.0,1.0,week2,week3
ALL,products_top100,,,10254107,,,,,99.0,フィー 3Dボリューミンググロス,fwee(フィー),2025-12-29,right_only,new,,,week2,week3
ALL,products_top100,,,10256092,94.0,アイカラーレーションN,ルナソル,2025-12-23,77.0,アイカラーレーションN,ルナソル,2025-12-29,both,up,-17.0,17.0,week2,week3
ALL,products_top100,,,10256652,32.0,ラッシュアディクト アイラッシュ コンディショニング セラム アドバンス,soaddicted,2025-12-23,38.0,ラッシュアディクト アイラッシュ コンディショニング セラム アドバンス,soaddicted,2025-12-29,both,down,6.0,6.0,week2,week3
ALL,products_top100,,,10256676,46.0,ブラーリング カラー ブラッシュ,SUQQU(スック),2025-12-23,52.0,ブラーリング カラー ブラッシュ,SUQQU(スック),2025-12-29,both,down,6.0,6.0,week2,week3
ALL,products_top100,,,10257456,24.0,ABC-Gピールウォッシュ,ドクターケイ,2025-12-23,18.0,ABC-Gピールウォッシュ,ドクターケイ,2025-12-29,both,up,-6.0,6.0,week2,week3
ALL,products_top100,,,10257534,98.0,ライトリフレクティング　トーンアップヴェール,NARS,2025-12-23,75.0,ライトリフレクティング　トーンアップヴェール,NARS,2025-12-29,both,up,-23.0,23.0,week2,week3
ALL,products_top100,,,10258896,88.0,影色リップメイカー,セザンヌ,2025-12-23,45.0,影色リップメイカー,セザンヌ,2025-12-29,both,up,-43.0,43.0,week2,week3
ALL,products_top100,,,10259166,69.0,カラーリングアイブロウEX,ヘビーローテーション,2025-12-23,70.0,カラーリングアイブロウEX,ヘビーローテーション,2025-12-29,both,down,1.0,1.0,week2,week3
ALL,products_top100,,,10259390,51.0,エリクシール ザ セラム aa,エリクシール,2025-12-23,64.0,エリクシール ザ セラム aa,エリクシール,2025-12-29,both,down,13.0,13.0,week2,week3
ALL,products_top100,,,10259468,60.0,ジェニフィック アルティメ セラム,ランコム,2025-12-23,73.0,ジェニフィック アルティメ セラム,ランコム,2025-12-29,both,down,13.0,13.0,week2,week3
ALL,products_top100,,,10259565,97.0,ダブル セーラム ADC,クラランス,2025-12-23,,,,,left_only,dropped,,,week2,week3
ALL,products_top100,,,10259593,99.0,PDRNピンクアンプル,MEDICUBE(メディキューブ),2025-12-23,88.0,PDRNピンクアンプル,MEDICUBE(メディキューブ),2025-12-29,both,up,-11.0,11.0,week2,week3
ALL,products_top100,,,10259711,14.0,ゴールデンタイムリペア　深夜浸透クリーム,SOFINA iP,2025-12-23,13.0,ゴールデンタイムリペア　深夜浸透クリーム,SOFINA iP,2025-12-29,both,up,-1.0,1.0,week2,week3
ALL,products_top100,,,10260998,39.0,パウダーブラシＥＸ,ロージーローザ,2025-12-23,37.0,パウダーブラシＥＸ,ロージーローザ,2025-12-29,both,up,-2.0,2.0,week2,week3
ALL,products_top100,,,10262379,68.0,パウダーファンブラシ,ロージーローザ,2025-12-23,,,,,left_only,dropped,,,week2,week3
ALL,products_top100,,,10263023,17.0,PDRN ヒアルロン酸100 セラム,Anua,2025-12-23,16.0,PDRN ヒアルロン酸100 セラム,Anua,2025-12-29,both,up,-1.0,1.0,week2,week3
ALL,products_top100,,,10263025,21.0,スーパーラメラシャンプー&EXモイストトリートメント ＦＯＲ ＤＡＩＬＹ ＤＡＭＡＧＥ,THE ANSWER,2025-12-23,20.0,スーパーラメラシャンプー&EXモイストトリートメント ＦＯＲ ＤＡＩＬＹ ＤＡＭＡＧＥ,THE ANSWER,2025-12-29,both,up,-1.0,1.0,week2,week3
ALL,products_top100,,,10264676,56.0,ジェノプティクス インフィニットオーラ エッセンス,SK-II,2025-12-23,81.0,ジェノプティクス インフィニットオーラ エッセンス,SK-II,2025-12-29,both,down,25.0,25.0,week2,week3
ALL,products_top100,,,10265025,70.0,マルチファンデパフ２Ｐ＜スリム＞,ロージーローザ,2025-12-23,65.0,マルチファンデパフ２Ｐ＜スリム＞,ロージーローザ,2025-12-29,both,up,-5.0,5.0,week2,week3
ALL,products_top100,,,10265318,36.0,UVイデア XL プロテクショントーンアップ ローズ+,ラ ロッシュ ポゼ,2025-12-23,49.0,UVイデア XL プロテクショントーンアップ ローズ+,ラ ロッシュ ポゼ,2025-12-29,both,down,13.0,13.0,week2,week3
ALL,products_top100,,,10266136,71.0,アベイユ ロイヤル ウォータリー オイル セロム,ゲラン,2025-12-23,71.0,アベイユ ロイヤル ウォータリー オイル セロム,ゲラン,2025-12-29,both,same,0.0,0.0,week2,week3
ALL,products_top100,,,10266779,,,,,66.0,カネボウ コンフォート ストレッチィ ウォッシュII,KANEBO,2025-12-29,right_only,new,,,week2,week3
ALL,products_top100,,,10266904,40.0,FAS ザ ブラック デイ クリーム,FAS,2025-12-23,48.0,FAS ザ ブラック デイ クリーム,FAS,2025-12-29,both,down,8.0,8.0,week2,week3
ALL,products_top100,,,10267492,,,,,87.0,Basic スージング クレンジングジェル,Ｎ organic(エヌオーガニック),2025-12-29,right_only,new,,,week2,week3
ALL,products_top100,,,10267501,15.0,メラノフォーカスＩＶ,HAKU,2025-12-23,26.0,メラノフォーカスＩＶ,HAKU,2025-12-29,both,down,11.0,11.0,week2,week3
ALL,products_top100,,,10267574,67.0,エリクシール デーケアレボリューション ブライトニング ＋ ba,エリクシール,2025-12-23,68.0,エリクシール デーケアレボリューション ブライトニング ＋ ba,エリクシール,2025-12-29,both,down,1.0,1.0,week2,week3
ALL,products_top100,,,10267775,49.0,アルティミューン パワライジング セラム,SHISEIDO,2025-12-23,19.0,アルティミューン パワライジング セラム,SHISEIDO,2025-12-29,both,up,-30.0,30.0,week2,week3
ALL,products_top100,,,10268564,100.0,ニュアンスタッチブラシ,ロージーローザ,2025-12-23,95.0,ニュアンスタッチブラシ,ロージーローザ,2025-12-29,both,up,-5.0,5.0,week2,week3
ALL,products_top100,,,10268836,77.0,ジェノプティクス CC プライマー,SK-II,2025-12-23,93.0,ジェノプティクス CC プライマー,SK-II,2025-12-29,both,down,16.0,16.0,week2,week3
ALL,products_top100,,,10270641,87.0,ふわとろクリーミースクラブ　ザクロ＆シアバター,ダヴ,2025-12-23,,,,,left_only,dropped,,,week2,week3
ALL,products_top100,,,10270653,16.0,PDRN100ヒアルロン酸セラムマスク,Anua,2025-12-23,10.0,PDRN100ヒアルロン酸セラムマスク,Anua,2025-12-29,both,up,-6.0,6.0,week2,week3
ALL,products_top100,,,10270821,82.0,ポアクリア スクラブ ウォッシュ,ONE BY KOSE,2025-12-23,,,,,left_only,dropped,,,week2,week3
ALL,products_top100,,,10271786,44.0,AQ 毛穴美容液オイル,コスメデコルテ,2025-12-23,56.0,AQ 毛穴美容液オイル,コスメデコルテ,2025-12-29,both,down,12.0,12.0,week2,week3
ALL,products_top100,,,10272213,1.0,オルビス ザ クレンジング オイル,オルビス,2025-12-23,2.0,オルビス ザ クレンジング オイル,オルビス,2025-12-29,both,down,1.0,1.0,week2,week3
ALL,products_top100,,,10273546,,,,,97.0,RMK ベルベットシーン リップカラー,RMK,2025-12-29,right_only,new,,,week2,week3
ALL,products_top100,,,10273779,93.0,Cコントロールリペアセラム,ドクターケイ,2025-12-23,72.0,Cコントロールリペアセラム,ドクターケイ,2025-12-29,both,up,-21.0,21.0,week2,week3
ALL,products_top100,,,10274099,63.0,スキンシャドウ デザイニング パレット,コスメデコルテ,2025-12-23,,,,,left_only,dropped,,,week2,week3
ALL,products_top100,,,10275334,55.0,潤浸保湿 泡ジェル洗顔料,キュレル,2025-12-23,33.0,潤浸保湿 泡ジェル洗顔料,キュレル,2025-12-29,both,up,-22.0,22.0,week2,week3
ALL,products_top100,,,10275368,7.0,スキンパワー リニュー クリーム,SK-II,2025-12-23,4.0,スキンパワー リニュー クリーム,SK-II,2025-12-29,both,up,-3.0,3.0,week2,week3
ALL,products_top100,,,10276467,23.0,エッセンス スキンセッティング パウダー,SHISEIDO,2025-12-23,24.0,エッセンス スキンセッティング パウダー,SHISEIDO,2025-12-29,both,down,1.0,1.0,week2,week3
ALL,products_top100,,,10276493,4.0,カネボウ クリーム イン デイII,KANEBO,2025-12-23,3.0,カネボウ クリーム イン デイII,KANEBO,2025-12-29,both,up,-1.0,1.0,week2,week3
ALL,products_top100,,,10276613,25.0,バックステージ グロウ マキシマイザー パレット,ディオール,2025-12-23,42.0,バックステージ グロウ マキシマイザー パレット,ディオール,2025-12-29,both,down,17.0,17.0,week2,week3
ALL,products_top100,,,10276713,78.0,ジェニフィック アルティメ エッセンス ローション,ランコム,2025-12-23,50.0,ジェニフィック アルティメ エッセンス ローション,ランコム,2025-12-29,both,up,-28.0,28.0,week2,week3
ALL,products_top100,,,10276719,43.0,リフトモイスト ローション しっとりタイプ ba,エリクシール,2025-12-23,11.0,リフトモイスト ローション しっとりタイプ ba,エリクシール,2025-12-29,both,up,-32.0,32.0,week2,week3
ALL,products_top100,,,10276724,,,,,31.0,リフトモイスト エマルジョン しっとりタイプ ba,エリクシール,2025-12-29,right_only,new,,,week2,week3
ALL,products_top100,,,10276788,76.0,FAS ザ ブラック リフト アイクリーム,FAS,2025-12-23,96.0,FAS ザ ブラック リフト アイクリーム,FAS,2025-12-29,both,down,20.0,20.0,week2,week3
ALL,products_top100,,,10276800,89.0,ユース パワー エッセンス ローション,コスメデコルテ,2025-12-23,,,,,left_only,dropped,,,week2,week3
ALL,products_top100,,,10276812,74.0,ザ　プライムアイブロウ,エクセル,2025-12-23,,,,,left_only,dropped,,,week2,week3
ALL,products_top100,,,10277172,62.0,N organic Vie ヒアルアップ リフトクリーム,Ｎ organic(エヌオーガニック),2025-12-23,,,,,left_only,dropped,,,week2,week3
ALL,products_top100,,,10277929,85.0,ビタミン10ポアストリクスセラム,Anua,2025-12-23,,,,,left_only,dropped,,,week2,week3
ALL,products_top100,,,10278376,3.0,レチノパワー リンクルクリーム ba,エリクシール,2025-12-23,1.0,レチノパワー リンクルクリーム ba,エリクシール,2025-12-29,both,up,-2.0,2.0,week2,week3
ALL,products_top100,,,10278904,57.0,ラブ・ライナー　リキッドアイライナーR5,msh(エム・エス・エイチ),2025-12-23,69.0,ラブ・ライナー　リキッドアイライナーR5,msh(エム・エス・エイチ),2025-12-29,both,down,12.0,12.0,week2,week3
ALL,products_top100,,,10278920,72.0,パウダーブラシＥＸ＜アングルド＞,ロージーローザ,2025-12-23,62.0,パウダーブラシＥＸ＜アングルド＞,ロージーローザ,2025-12-29,both,up,-10.0,10.0,week2,week3
ALL,products_top100,,,10279047,,,,,90.0,アイブロウペンシルスーパースリム０.8,ケイト,2025-12-29,right_only,new,,,week2,week3
ALL,products_top100,,,10279126,11.0,モイストケア　ローション　ＥＸ,d プログラム,2025-12-23,15.0,モイストケア　ローション　ＥＸ,d プログラム,2025-12-29,both,down,4.0,4.0,week2,week3
ALL,products_top100,,,10279173,31.0,カネボウ クリーム イン デイII キット リミテッド エディション,KANEBO,2025-12-23,21.0,カネボウ クリーム イン デイII キット リミテッド エディション,KANEBO,2025-12-29,both,up,-10.0,10.0,week2,week3
ALL,products_top100,,,10281740,,,,,80.0,ＡＱ ブライト ラディアンス コフレ II,コスメデコルテ,2025-12-29,right_only,new,,,week2,week3
ALL,products_top100,,,10281742,96.0,ＡＱ ラディアンス コフレ II,コスメデコルテ,2025-12-23,,,,,left_only,dropped,,,week2,week3
ALL,products_top100,,,10284151,,,,,46.0,ルルルンプレシャス GREEN（Glow Up）,ルルルン,2025-12-29,right_only,new,,,week2,week3
ALL,products_top100,,,10284288,,,,,54.0,PDRNヒアルロン酸ハイドレイティングミスト,Anua,2025-12-29,right_only,new,,,week2,week3
